uniqueId/sale_date,201209,201210,201211,201212,201301,201309,201310,201311,201312,201401,201409,201410,201411,201412,201501,201509,201510,201511,201512,201601,201608,201609,201610,201611,201612,201709,201710
1035075110916430000000000000000000,17,17,17,17,17,17,17,17,17,17,17,17,17,17,17,41,104,52,145,621,377,626,568,783,1514,157,180
1035075510916430000000000000000000,6,6,6,6,6,6,6,6,6,6,6,6,6,6,6,6,6,17,17,17,6,12,12,6,6,6,0
1035076411177430000000000000000000,12,12,12,12,12,12,12,12,12,12,12,12,12,12,12,12,12,29,29,35,23,46,52,87,139,23,0
1241405111250470000000000000000000,105,105,105,105,105,105,105,105,105,105,105,105,105,105,105,105,105,105,105,105,105,105,105,105,105,165,180
1241405111300470000000000000000000,15,15,15,15,15,15,15,15,15,15,23,15,15,15,23,38,15,23,75,188,188,203,180,150,255,0,0
1241405111300470000000000000000000,8,8,8,8,8,8,8,8,8,8,8,8,8,8,8,8,8,8,8,8,8,8,8,8,8,0,0
1241405511250460000000000000000000,30,30,30,30,30,30,30,30,30,30,30,30,30,30,30,30,30,30,30,30,30,30,30,128,210,120,83
1254035111200520000000000000000000,8,8,8,8,8,8,8,8,8,8,66,74,98,90,49,74,25,25,74,66,74,66,25,57,33,0,0
1254035111340530000000000000000000,8,8,8,8,8,8,8,8,8,8,8,8,8,25,41,66,33,66,90,41,74,115,66,41,25,0,0
1254035111420530000000000000000000,98,98,98,98,98,98,98,98,98,98,98,98,98,98,98,98,98,98,98,98,98,98,98,98,98,148,156
1254035111860520000000000000000000,25,25,25,25,25,25,25,25,25,25,25,25,25,25,25,25,25,25,25,25,25,25,25,25,74,74,0
1254035111860520000000000000000000,25,25,25,25,25,25,25,25,25,25,25,25,25,25,25,25,25,25,25,25,25,25,25,25,25,33,0
1254035111860520000000000000000000,25,25,25,25,25,25,25,25,25,25,25,25,25,25,25,25,25,25,25,25,25,25,25,25,25,49,0
1254035111870530000000000000000000,25,25,25,25,25,25,25,25,25,25,57,16,74,49,49,57,57,57,49,49,49,66,8,8,25,8,0
1254035111910520000000000000000000,8,8,8,8,8,8,8,8,8,8,8,8,8,8,8,8,8,8,8,8,8,8,8,8,8,16,0
1369160311180480000000000000000000,17,17,17,17,17,9,9,17,17,17,9,9,9,9,9,9,9,17,17,17,17,9,9,9,9,0,0
1369165111230490000000000000000000,17,17,17,17,17,17,17,17,17,17,17,17,17,17,17,281,221,247,264,230,102,9,9,9,9,0,0
1369165111230490000000000000000000,60,60,60,60,60,60,60,60,60,60,60,60,60,60,60,60,60,60,60,60,60,145,136,187,221,145,162
1369165111230490000000000000000000,9,9,9,9,9,9,9,9,9,9,9,9,9,9,9,17,9,9,9,17,0,0,0,0,0,0,0
1369165111230490000000000000000000,9,9,9,9,9,9,9,9,9,9,9,9,9,9,9,9,9,9,9,9,9,0,0,0,0,0,0
1369165111350490000000000000000000,9,9,9,9,9,9,9,9,9,9,9,9,9,9,9,9,9,9,9,9,0,0,0,0,0,0,0
1369165111350490000000000000000000,26,26,26,26,26,26,26,26,26,26,26,26,26,26,26,26,26,26,26,26,26,26,26,17,17,0,0
1696735511100470000000000000000000,67,67,67,67,67,67,67,67,67,67,67,67,67,67,67,67,67,67,67,67,67,67,67,67,67,219,152
1759623510660450000000000000000000,8,8,8,8,8,8,8,8,8,8,8,8,8,8,8,8,8,8,8,8,8,8,8,24,16,8,0
1759623510810450000000000000000000,24,24,24,24,24,24,24,24,24,24,142,63,79,1256,71,103,79,103,103,103,47,24,55,24,16,0,0
1759623510810450000000000000000000,63,63,63,63,63,63,63,63,63,63,63,63,63,63,63,63,63,63,63,63,63,63,111,142,245,119,111
1759623510817450000000000000000000,32,32,32,32,32,32,32,32,32,32,32,32,32,32,32,32,32,32,32,32,0,0,0,0,0,0,0
1759625110810450000000000000000000,16,16,16,16,16,16,16,16,16,16,111,103,87,55,103,32,95,87,63,119,71,24,8,32,32,0,0
1759625110810450000000000000000000,40,40,40,40,40,40,40,40,40,40,40,40,40,40,40,40,40,40,40,40,40,40,79,221,340,87,126
1785293510603380000000000000000000,17,17,17,17,17,17,17,17,17,17,17,17,17,17,17,17,17,17,17,17,0,0,0,0,0,0,0
1785293510603380000000000000000000,11,11,11,11,11,11,11,11,11,11,11,11,11,11,11,11,11,11,11,11,11,11,6,6,6,0,0
1785293510603380000000000000000000,103,103,103,103,103,103,103,103,103,103,103,103,103,103,103,103,103,103,103,268,160,143,177,182,376,165,148
1862505110840440000000000000000000,25,25,25,25,25,25,25,25,25,25,25,25,25,25,25,25,25,25,25,25,100,208,224,274,332,83,83
1942015110733420000000000000000000,239,239,239,239,239,239,239,239,239,239,239,239,239,239,239,239,239,239,239,239,239,239,239,239,239,239,378
1944506411300450000000000000000000,6,6,6,6,6,6,6,6,6,6,6,6,6,6,6,6,6,12,6,24,283,336,218,301,549,301,271
1944506411300450000000000000000000,6,6,6,6,6,6,6,6,6,6,6,6,6,6,6,6,6,6,35,35,35,12,12,18,12,6,0
1944506411300450000000000000000000,6,6,6,6,6,6,6,6,6,6,6,6,6,6,6,6,6,6,6,6,6,6,6,0,0,0,0
1984272110800460000000000000000000,10,10,10,10,10,10,10,10,10,10,10,10,10,10,10,10,10,10,10,10,52,62,83,114,161,78,0
1984273510800450000000000000000000,16,16,16,16,16,16,16,16,16,16,16,16,16,16,57,73,114,68,151,94,57,94,125,73,156,47,99
2067655110840470000000000000000000,49,49,49,49,49,49,49,49,49,49,49,49,49,49,49,87,281,349,398,854,1261,1465,1416,1397,2377,2260,1892
2067655510840470000000000000000000,10,10,10,10,10,10,10,10,10,10,10,10,10,10,10,10,29,87,126,78,78,87,39,39,58,0,0
2067656411190470000000000000000000,49,49,49,49,49,49,49,49,49,49,49,49,49,49,49,68,97,155,146,194,184,126,116,146,126,87,165
2067656411190470000000000000000000,19,19,19,19,19,19,19,19,19,19,19,19,19,19,19,10,10,29,10,10,10,10,10,10,10,0,0
2099457111500510000000000000000000,15,15,15,15,15,15,15,15,15,15,114,84,53,91,182,8,15,15,8,0,0,0,0,0,0,0,0
2099457111500510000000000000000000,30,30,30,30,30,30,30,30,30,30,30,30,30,30,30,129,182,106,76,68,91,106,76,114,30,0,0
2099457111650510000000000000000000,8,8,8,8,8,8,8,8,8,8,8,8,8,8,8,8,8,8,8,8,8,8,8,8,8,38,0
2099457111650510000000000000000000,15,15,15,15,15,15,15,15,15,15,15,15,15,15,15,15,15,15,15,15,15,15,15,15,15,91,91
2099457111780500000000000000000000,8,8,8,8,8,8,8,8,8,8,213,175,205,182,350,84,30,8,8,0,0,0,0,0,0,0,0
2099457111780500000000000000000000,61,61,61,61,61,61,61,61,61,61,61,61,61,61,61,296,289,350,251,205,350,433,228,251,205,0,0
2099457111850510000000000000000000,8,8,8,8,8,8,8,8,8,8,8,8,8,8,8,8,8,8,8,8,8,8,8,8,8,99,0
2099457111850510000000000000000000,15,15,15,15,15,15,15,15,15,15,15,15,15,15,15,15,15,15,15,15,15,15,15,15,15,30,0
2099457111850510000000000000000000,8,8,8,8,8,8,8,8,8,8,8,8,8,8,8,8,8,8,8,8,8,8,8,8,8,15,0
2099457112000500000000000000000000,8,8,8,8,8,8,8,8,8,8,8,15,15,23,23,8,8,8,8,8,0,0,0,0,0,0,0
2099457112000500000000000000000000,8,8,8,8,8,8,8,8,8,8,8,8,8,8,8,30,30,30,8,38,30,23,15,30,38,0,0
2099457112000500000000000000000000,8,8,8,8,8,8,8,8,8,8,8,8,8,8,8,0,0,0,0,0,0,0,0,0,0,0,0
2099457112000500000000000000000000,8,8,8,8,8,8,8,8,8,8,8,8,8,15,15,0,0,0,0,0,0,0,0,0,0,0,0
2191955111100430000000000000000000,5,5,5,5,5,5,5,5,5,5,5,5,5,5,5,5,10,5,30,195,125,115,160,260,260,75,60
2191955111100430000000000000000000,5,5,5,5,5,5,5,5,5,5,5,5,5,5,5,5,5,5,5,5,5,5,90,70,105,35,65
2191955511100430000000000000000000,5,5,5,5,5,5,5,5,5,5,20,30,30,30,0,0,0,0,0,0,0,0,0,0,0,0,0
2191955511100430000000000000000000,15,15,15,15,15,15,15,15,15,15,15,15,15,15,15,10,15,30,15,175,115,110,165,130,170,40,0
2191955511100440000000000000000000,20,20,20,20,20,20,20,20,20,20,20,20,20,20,20,20,20,20,20,20,20,20,20,30,95,10,0
2217955411100440000000000000000000,100,100,100,100,100,100,100,100,100,100,100,100,100,100,100,100,100,100,100,100,364,264,164,155,273,237,300
2217956411320440000000000000000000,9,9,9,9,9,9,9,9,9,9,9,9,9,9,9,9,9,9,9,9,73,91,64,55,109,100,91
2217956411320440000000000000000000,9,9,9,9,9,9,9,9,9,9,9,9,9,9,9,9,9,9,9,9,9,46,18,18,9,0,0
2217956411620440000000000000000000,9,9,9,9,9,9,9,9,9,9,9,9,9,9,9,9,9,9,9,9,9,9,9,9,9,0,0
2456093510960430000000000000000000,6,6,6,6,6,6,6,6,6,6,6,6,6,6,6,6,6,6,6,6,6,11,6,6,11,0,0
2456095110810430000000000000000000,11,11,11,11,11,11,11,11,11,11,11,11,11,11,11,11,11,11,11,11,22,44,33,22,39,22,0
2456096410960440000000000000000000,61,61,61,61,61,61,61,61,61,61,61,61,61,61,61,61,61,61,61,61,55,88,77,116,160,77,121
2456096411100430000000000000000000,6,6,6,6,6,6,6,6,6,6,6,6,6,6,6,6,6,6,6,6,17,17,17,17,22,0,0
2483522110787440000000000000000000,8,8,8,8,8,8,8,17,17,17,25,34,34,34,25,42,34,59,168,353,218,252,235,470,361,17,0
2483522110904440000000000000000000,8,8,8,8,8,8,8,8,8,8,8,8,8,8,25,8,8,8,8,25,8,8,8,8,8,0,0
2483523510787440000000000000000000,8,8,8,8,8,8,8,8,8,8,25,25,25,67,92,202,252,25,151,252,134,109,160,218,151,0,0
2483525110733440000000000000000000,8,8,8,8,8,8,8,8,8,8,8,8,8,8,8,8,8,8,8,8,8,8,8,84,437,193,260
2483525110902440000000000000000000,42,42,42,42,42,42,42,42,42,42,42,42,42,42,42,42,42,42,42,42,42,42,42,42,17,0,0
2483525510733440000000000000000000,25,25,25,25,25,25,25,25,25,25,25,25,25,25,25,25,25,25,25,25,25,25,25,25,168,59,0
2498750311100470000000000000000000,9,9,9,9,9,9,9,9,9,9,9,9,9,9,9,9,9,9,9,9,9,9,9,9,9,9,0
2498750311100470000000000000000000,17,17,17,17,17,17,17,17,17,17,17,17,17,17,17,17,17,17,17,17,17,17,17,17,17,9,0
2498750311100470000000000000000000,86,86,86,86,86,86,86,86,86,86,86,86,86,86,86,86,86,86,86,86,86,86,86,86,86,112,138
2498750311370470000000000000000000,17,17,17,17,17,17,17,17,17,17,17,17,17,17,17,17,17,17,17,17,17,17,17,17,17,17,0
2498750311370470000000000000000000,9,9,9,9,9,9,9,9,9,9,9,9,9,9,9,9,9,9,9,9,9,9,9,9,9,0,0
2498750311370470000000000000000000,17,17,17,17,17,17,17,17,17,17,17,17,17,17,17,17,17,17,17,17,17,17,17,17,17,0,0
2498750311370470000000000000000000,9,9,9,9,9,9,9,9,9,9,9,9,9,9,9,9,9,9,9,9,9,9,9,9,9,0,0
2506585111200490000000000000000000,7,7,7,7,7,7,7,7,7,7,7,7,7,7,7,7,7,7,7,7,7,7,7,7,7,274,187
2506586411200490000000000000000000,29,29,29,29,29,29,29,29,29,29,29,29,29,29,29,29,29,29,29,29,151,166,166,122,238,14,0
2659803510780440000000000000000000,26,26,26,26,26,26,26,26,26,26,26,26,26,26,26,26,26,26,26,26,6,0,0,0,0,0,0
2659803510780440000000000000000000,13,13,13,13,13,13,13,13,13,13,13,13,13,13,13,6,6,6,6,77,211,282,294,282,378,461,204
2706903510603440000000000000000000,77,77,77,77,77,77,77,77,77,77,77,77,77,77,77,77,77,77,77,77,77,77,125,125,221,134,0
2706903510603440000000000000000000,29,29,29,29,29,29,29,29,29,29,29,29,29,29,29,29,29,29,29,29,19,0,0,0,0,0,0
2706903510650440000000000000000000,19,19,19,19,19,19,19,19,19,19,19,19,19,19,19,19,19,19,10,10,0,0,0,0,0,0,0
2706903510650440000000000000000000,10,10,10,10,10,10,10,10,10,10,10,10,10,10,10,10,10,182,182,125,125,125,182,154,86,0,0
2706903510650440000000000000000000,250,250,250,250,250,250,250,250,250,250,250,250,250,250,250,250,250,250,250,250,106,0,0,0,0,0,0
2706903510820440000000000000000000,19,19,19,19,19,19,19,19,19,19,19,19,19,19,19,10,10,10,10,10,19,19,10,10,10,19,0
2706903510820440000000000000000000,29,29,29,29,29,29,29,29,29,29,29,29,29,29,29,10,10,10,240,854,854,854,768,845,1258,653,595
2706903510820440000000000000000000,528,528,528,528,528,528,528,528,528,528,528,528,528,528,528,528,528,528,528,528,672,0,0,0,0,0,0
2813015111180490000000000000000000,15,15,15,15,15,15,15,15,15,15,15,15,15,15,15,15,15,15,15,15,15,15,15,7,66,51,0
2813015411840490000000000000000000,7,7,7,7,7,7,7,7,7,7,7,7,7,7,7,7,7,7,7,7,7,7,7,7,7,0,0
2813016410960490000000000000000000,7,7,7,7,7,7,7,7,7,7,15,15,15,7,15,15,15,73,37,58,7,7,15,15,29,0,0
2813016411100490000000000000000000,7,7,7,7,7,7,7,7,7,7,7,7,7,7,7,7,7,7,7,7,131,161,175,124,350,66,0
2813016411320490000000000000000000,7,7,7,7,7,7,7,7,7,7,7,7,7,7,7,7,7,7,7,7,431,475,496,431,650,467,329
2813016411620490000000000000000000,29,29,29,29,29,29,29,29,29,29,29,29,29,29,29,29,29,29,29,29,29,22,15,15,7,0,0
2817926411100430000000000000000000,49,49,49,49,49,49,49,49,49,49,49,49,49,49,49,49,49,49,49,49,49,49,49,49,49,118,216
2817926411100430000000000000000000,10,10,10,10,10,10,10,10,10,10,10,10,20,10,98,98,49,108,245,108,157,196,137,137,176,0,0
2817926411100450000000000000000000,69,69,69,69,69,69,69,69,69,69,69,69,69,69,69,69,69,69,69,69,69,69,69,69,69,245,265
2817926411100450000000000000000000,10,10,10,10,10,10,10,10,10,10,10,59,69,98,137,186,265,206,196,225,235,255,196,274,363,0,0
2817926411320430000000000000000000,20,20,20,20,20,20,20,20,20,20,20,20,20,20,20,29,29,29,29,10,10,10,10,10,10,0,0
2817926411400450000000000000000000,20,20,20,20,20,20,20,20,20,20,20,20,20,20,20,20,20,20,20,20,20,20,20,20,20,0,0
2893865110860450000000000000000000,20,20,20,20,20,20,20,20,20,20,29,29,29,10,10,20,10,29,29,29,20,20,20,20,20,10,0
2893865110860460000000000000000000,69,69,69,69,69,69,69,69,69,69,127,88,137,127,274,216,314,402,392,333,294,382,225,314,598,265,441
2893865111160450000000000000000000,10,10,10,10,10,10,10,10,10,10,20,10,10,20,20,10,10,10,10,20,10,10,10,10,10,0,0
2893865111160460000000000000000000,39,39,39,39,39,39,39,39,39,39,29,20,20,29,29,29,29,10,29,29,20,20,10,10,10,10,0
2893865510860460000000000000000000,10,10,10,10,10,10,10,10,10,10,10,20,39,20,88,20,20,88,108,20,10,49,20,39,39,20,0
2894035410950440000000000000000000,9,9,9,9,9,9,9,9,9,9,9,9,9,9,9,9,9,9,9,9,60,68,136,119,43,111,153
2894035410980440000000000000000000,9,9,9,9,9,9,9,9,9,9,9,9,9,9,9,9,9,9,9,9,9,43,43,34,9,77,119
2894035510950450000000000000000000,17,17,17,17,17,17,17,17,17,17,17,17,17,17,17,17,17,17,17,17,17,60,34,17,34,17,0
2894035510980440000000000000000000,34,34,34,34,34,34,34,34,34,34,34,34,34,34,34,34,34,34,34,34,34,94,85,34,85,94,0
2908540311070460000000000000000000,9,9,9,9,9,9,9,9,9,9,9,9,9,9,9,9,9,9,9,9,9,9,9,9,9,9,0
2908540311140460000000000000000000,9,9,9,9,9,9,9,9,9,9,9,9,9,9,9,71,27,9,36,36,134,205,160,142,178,9,0
2908540311140460000000000000000000,9,9,9,9,9,9,9,9,9,9,9,9,9,9,9,196,53,18,18,89,98,53,36,45,18,0,0
2908540311370460000000000000000000,27,27,27,27,27,27,27,27,27,27,27,27,27,27,27,71,27,18,62,53,18,53,18,27,36,0,0
2908540311370460000000000000000000,18,18,18,18,18,18,18,18,18,18,18,18,18,18,18,27,9,9,9,9,9,9,9,9,0,0,0
2908540311370460000000000000000000,9,9,9,9,9,9,9,9,9,9,9,9,9,9,9,9,9,9,9,9,9,9,9,9,0,0,0
2908540311420460000000000000000000,9,9,9,9,9,9,9,9,9,9,9,9,9,9,9,9,9,9,9,9,9,9,9,9,9,27,0
2908540311420460000000000000000000,18,18,18,18,18,18,18,18,18,18,18,18,18,18,18,18,18,18,18,18,18,18,18,18,18,89,0
2908540311420460000000000000000000,36,36,36,36,36,36,36,36,36,36,36,36,36,36,36,36,36,36,36,36,36,36,36,36,36,214,205
2908540311420460000000000000000000,9,9,9,9,9,9,9,9,9,9,9,9,9,9,9,9,9,9,9,9,9,9,9,9,9,45,0
2910865111080480000000000000000000,19,19,19,19,19,19,19,19,19,19,630,818,432,432,865,743,667,677,367,620,385,282,235,254,273,9,0
2910865111310480000000000000000000,9,9,9,9,9,9,9,9,9,9,310,160,244,385,508,423,432,705,479,743,404,545,479,470,959,47,0
2910865111840480000000000000000000,9,9,9,9,9,9,9,9,9,9,9,9,9,19,19,9,9,9,9,9,9,9,9,9,9,0,0
2910869111200490000000000000000000,9,9,9,9,9,9,9,9,9,9,9,9,9,9,9,9,9,9,9,9,9,9,9,9,9,282,320
2910869111870490000000000000000000,38,38,38,38,38,38,38,38,38,38,38,38,38,38,38,38,38,38,38,38,38,38,38,38,38,38,0
2915142110920420000000000000000000,20,20,20,20,20,20,20,20,20,20,20,20,20,20,20,20,20,20,20,20,20,20,20,20,20,50,50
2915143510920420000000000000000000,15,15,15,15,15,15,15,15,15,15,15,15,15,15,15,15,15,15,15,15,15,15,15,15,15,45,0
3025130311150440000000000000000000,88,88,88,88,88,88,88,88,88,88,88,88,88,88,88,88,88,88,88,88,88,88,88,88,88,41,82
3025133510880440000000000000000000,34,34,34,34,34,34,34,34,34,34,34,34,34,34,34,34,34,34,34,34,34,34,34,34,109,54,88
3025133510880440000000000000000000,20,20,20,20,20,20,20,20,20,20,20,20,20,20,20,20,20,20,20,20,20,20,20,20,20,7,0
3025135511150440000000000000000000,7,7,7,7,7,7,7,7,7,7,7,7,7,7,7,7,7,7,7,7,7,7,7,7,7,7,0
3044580310730460000000000000000000,17,17,17,17,17,17,17,17,17,17,17,17,17,17,17,17,17,17,17,33,75,91,25,83,100,66,0
3044580310730460000000000000000000,8,8,8,8,8,8,8,8,8,8,8,8,8,8,8,8,8,8,8,8,8,8,8,8,8,0,0
3044580310730460000000000000000000,8,8,8,8,8,8,8,8,8,8,8,8,8,8,8,8,8,8,8,8,0,0,0,0,0,0,0
3044580310850460000000000000000000,75,75,75,75,75,75,75,75,75,75,75,75,75,75,75,75,75,75,75,75,75,75,75,75,191,191,116
3044580310850460000000000000000000,166,166,166,166,166,166,166,166,166,166,166,166,166,166,166,166,166,166,166,166,166,166,166,166,374,307,257
3044580310850460000000000000000000,8,8,8,8,8,8,8,8,8,8,8,8,8,8,8,8,8,8,8,8,8,8,8,8,8,8,0
3044580310900460000000000000000000,17,17,17,17,17,17,17,17,17,17,17,17,83,174,183,216,166,199,332,149,191,208,166,75,58,33,0
3044580310900460000000000000000000,8,8,8,8,8,8,8,8,8,8,25,83,208,241,299,307,415,357,531,232,241,249,91,8,8,0,0
3044580310900460000000000000000000,17,17,17,17,17,17,17,17,17,17,17,8,25,8,8,8,8,8,8,8,0,0,0,0,0,0,0
3044580311030460000000000000000000,8,8,8,8,8,8,8,8,8,8,8,8,8,8,8,33,17,25,17,0,0,0,0,0,0,0,0
3044580311030460000000000000000000,8,8,8,8,8,8,8,8,8,8,8,8,8,8,8,0,0,0,0,0,0,0,0,0,0,0,0
3044583510900460000000000000000000,8,8,8,8,8,8,8,8,8,8,8,8,8,8,8,33,25,8,25,25,8,17,8,25,8,0,0
3044583510900460000000000000000000,8,8,8,8,8,8,8,8,8,8,8,8,8,8,8,8,17,8,8,25,17,8,8,0,0,0,0
3044585510850460000000000000000000,8,8,8,8,8,8,8,8,8,8,8,8,8,8,8,8,8,8,8,8,8,8,8,8,8,0,0
3044585510850460000000000000000000,8,8,8,8,8,8,8,8,8,8,8,8,8,8,8,8,8,8,8,8,8,8,8,8,8,0,0
3089133510810440000000000000000000,16,16,16,16,16,16,16,16,16,16,16,16,16,16,16,16,16,16,16,16,8,8,8,8,8,0,0
3089135110810440000000000000000000,8,8,8,8,8,8,8,8,8,8,8,8,8,8,8,33,98,172,115,189,115,172,205,148,57,82,0
3089136410810440000000000000000000,16,16,16,16,16,16,16,16,16,16,16,16,16,16,16,16,16,16,16,16,16,16,16,16,16,25,139
3089136410960450000000000000000000,16,16,16,16,16,16,16,16,16,16,16,16,16,16,16,8,8,8,25,16,16,16,8,16,16,25,0
3216833510810470000000000000000000,17,17,17,17,17,17,17,17,17,17,17,17,17,17,17,221,204,145,187,187,196,255,179,204,306,77,153
3216833510960470000000000000000000,26,26,26,26,26,26,26,26,26,26,26,26,26,26,26,68,34,34,26,17,17,17,17,26,9,0,0
3216835110810470000000000000000000,34,34,34,34,34,34,34,34,34,34,34,34,34,34,34,1037,850,952,774,978,1105,1292,1292,1462,1607,1173,1012
3216835411470470000000000000000000,9,9,9,9,9,9,9,9,9,9,9,9,9,9,9,9,9,9,9,9,9,9,9,9,9,0,0
3216836410810470000000000000000000,9,9,9,9,9,9,9,9,9,9,9,9,9,9,9,9,9,9,9,9,9,9,9,9,26,289,400
3216836410960460000000000000000000,17,17,17,17,17,17,17,17,17,17,17,17,17,17,17,553,459,357,179,442,527,434,391,544,663,468,0
3216836411100460000000000000000000,9,9,9,9,9,9,9,9,9,9,9,9,9,9,9,43,17,9,17,9,26,26,17,17,17,60,621
3401755111100460000000000000000000,9,9,9,9,9,9,9,9,9,9,9,9,9,9,9,9,9,9,9,9,9,9,9,9,9,188,113
3401755511100460000000000000000000,56,56,56,56,56,56,56,56,56,56,56,56,56,56,56,56,56,56,56,56,56,56,56,56,56,56,0
3473845110938460000000000000000000,9,9,9,9,9,9,9,9,9,9,37,74,46,166,92,28,46,230,166,469,9,28,0,0,0,0,0
3473845110938460000000000000000000,9,9,9,9,9,9,9,9,9,9,129,138,110,175,193,175,212,166,414,1168,37,83,37,28,83,0,0
3473845110938460000000000000000000,276,276,276,276,276,276,276,276,276,276,276,276,276,276,276,276,276,276,276,276,1886,2870,2502,3192,6284,2208,2263
3473845510938460000000000000000000,18,18,18,18,18,9,9,9,9,9,9,37,28,28,74,28,55,92,258,488,0,0,0,0,0,0,0
3473845510938460000000000000000000,9,9,9,9,9,9,9,28,28,28,55,83,46,83,92,120,147,166,138,239,9,18,18,9,9,0,0
3473845510938460000000000000000000,28,28,28,28,28,28,28,28,28,28,28,28,28,28,28,28,28,28,28,28,478,929,644,607,1132,405,635
3473846410956460000000000000000000,9,9,9,9,9,9,9,9,9,9,9,9,9,9,9,9,9,9,9,9,46,74,37,37,55,0,0
3486412110800460000000000000000000,55,55,55,55,55,55,55,55,55,55,55,55,55,55,55,55,129,202,193,414,414,405,258,488,994,359,340
3486413510800460000000000000000000,9,9,9,9,9,9,9,9,9,9,9,9,9,9,9,9,55,110,110,248,156,110,230,129,258,46,0
3486416411150460000000000000000000,18,18,18,18,18,18,18,18,18,18,18,18,18,18,18,18,18,9,9,9,18,18,18,9,9,0,0
3490233510800470000000000000000000,29,29,29,29,29,29,29,29,29,29,29,310,427,815,1639,825,757,563,660,786,553,310,165,39,320,0,0
3490235110800470000000000000000000,29,29,29,29,29,29,29,29,29,29,29,223,369,524,1242,601,543,611,601,718,378,611,204,165,795,0,0
3490235110840450000000000000000000,10,10,10,10,10,10,10,10,10,10,10,10,10,10,10,10,10,10,10,10,10,10,10,10,10,58,0
3490235110840470000000000000000000,49,49,49,49,49,49,49,49,49,49,49,49,49,49,49,49,49,49,49,49,49,194,340,466,834,863,941
3490235510840470000000000000000000,19,19,19,19,19,19,19,19,19,19,19,19,19,19,19,19,19,19,19,19,19,49,49,136,58,10,0
3490236411100450000000000000000000,10,10,10,10,10,10,10,10,10,10,10,10,10,10,10,10,10,10,10,10,10,10,10,10,10,10,0
3490236411100470000000000000000000,68,68,68,68,68,68,68,68,68,68,68,68,68,68,68,68,68,68,68,68,68,68,49,49,39,0,0
3502593510960460000000000000000000,8,8,8,8,8,8,8,8,8,8,8,8,8,8,8,32,16,47,8,16,8,8,8,8,8,0,0
3502593511100460000000000000000000,16,16,16,16,16,16,16,16,16,16,16,16,16,16,16,16,16,16,24,16,8,8,8,8,8,8,0
3502596410960460000000000000000000,16,16,16,16,16,16,16,16,16,16,16,16,16,16,16,150,182,190,190,119,158,174,126,205,292,324,300
3502596411100460000000000000000000,24,24,24,24,24,24,24,24,24,24,24,24,24,24,24,269,245,316,387,324,253,190,198,308,403,308,277
3540680310930460000000000000000000,9,9,9,9,9,9,9,9,9,9,9,9,9,9,9,9,9,9,9,9,9,9,9,9,9,0,0
3540680310930460000000000000000000,64,64,64,64,64,64,64,64,64,64,64,64,64,64,64,64,64,64,64,64,377,718,607,773,1113,616,460
3540680310930460000000000000000000,9,9,9,9,9,9,9,9,9,9,9,9,9,9,9,9,9,9,9,9,28,9,9,9,28,0,0
3540680311020460000000000000000000,9,9,9,9,9,9,9,9,9,9,9,9,9,9,9,9,9,9,9,9,9,9,9,9,9,0,0
3540682110860470000000000000000000,9,9,9,9,9,9,9,9,9,9,9,9,9,9,9,9,9,18,9,9,37,64,28,74,138,147,0
3540682110860470000000000000000000,9,9,9,9,9,9,9,9,9,9,9,18,9,9,9,9,9,9,9,9,0,0,0,0,0,0,0
3540683510860470000000000000000000,9,9,9,9,9,9,9,9,9,9,18,9,9,37,37,46,55,64,46,120,64,64,64,74,193,120,0
3540683510930460000000000000000000,37,37,37,37,37,37,37,37,37,37,37,37,37,37,37,37,37,37,37,37,46,55,37,138,129,37,0
3569865111350490000000000000000000,56,56,56,56,56,56,56,56,56,56,56,56,56,56,56,56,56,56,56,56,56,56,56,56,364,532,385
3569865111520490000000000000000000,14,14,14,14,14,14,14,14,14,14,14,14,14,14,14,14,14,14,14,14,14,14,14,14,70,91,91
3569865111820490000000000000000000,28,28,28,28,28,28,28,28,28,28,28,28,28,28,28,28,28,28,28,28,28,28,28,28,28,0,0
3593785411080430000000000000000000,16,16,16,16,16,16,16,16,16,16,16,16,16,16,16,16,16,16,16,16,16,16,16,16,16,16,64
3606480310790420000000000000000000,141,141,141,141,141,141,141,141,141,141,141,141,141,141,141,141,141,141,141,141,141,141,150,160,216,141,160
3606483510730420000000000000000000,9,9,9,9,9,9,9,9,9,9,9,9,9,9,9,9,9,9,9,9,9,9,9,9,9,9,0
3761936411450450000000000000000000,133,133,133,133,133,133,133,133,133,133,133,133,133,133,133,133,133,133,133,133,133,133,133,133,133,133,90
3783560310850460000000000000000000,22,22,22,22,22,22,22,22,22,22,22,22,22,22,22,22,22,22,22,22,133,163,266,200,333,133,244
3783560311080460000000000000000000,7,7,7,7,7,7,7,7,7,7,7,7,7,7,7,7,7,7,7,7,7,7,7,7,7,0,0
3783563510850460000000000000000000,67,67,67,67,67,67,67,67,67,67,67,67,67,67,67,67,67,67,67,67,289,392,348,400,474,274,178
3783563511080460000000000000000000,7,7,7,7,7,7,7,7,7,7,7,7,7,7,7,7,7,7,7,7,7,7,7,7,7,15,0
3785365111230450000000000000000000,133,133,133,133,133,133,133,133,133,133,133,133,133,133,133,133,133,133,133,133,133,133,133,133,133,84,105
3785365111500450000000000000000000,14,14,14,14,14,14,14,14,14,14,14,14,14,14,14,14,14,14,14,14,14,14,14,14,21,21,0
3792653010820400000000000000000000,34,34,34,34,34,34,34,34,34,34,34,34,34,34,34,34,34,34,34,34,34,34,34,34,34,34,116
3792653510603400000000000000000000,102,102,102,102,102,102,102,102,102,102,102,102,102,102,102,102,102,102,102,102,102,102,102,61,54,41,82
3792653510603400000000000000000000,292,292,292,292,292,292,292,292,292,292,292,292,292,292,292,292,292,292,292,292,292,292,510,422,850,150,116
3792655510820400000000000000000000,68,68,68,68,68,68,68,68,68,68,68,68,68,68,68,68,68,68,68,68,68,68,68,68,68,48,0
3798762110860460000000000000000000,28,28,28,28,28,28,28,28,28,28,189,147,119,70,161,70,98,63,49,154,70,63,91,49,98,7,0
3798763510860460000000000000000000,7,7,7,7,7,7,7,7,7,7,7,7,7,7,7,7,7,7,7,7,7,7,7,7,42,0,0
3798765110860460000000000000000000,35,35,35,35,35,35,35,35,35,35,35,35,35,35,35,35,35,35,35,35,35,35,35,84,112,119,133
3798765111000460000000000000000000,7,7,7,7,7,7,7,7,7,7,7,7,7,7,7,7,7,7,7,7,7,7,7,14,7,7,0
3798765111230460000000000000000000,7,7,7,7,7,7,7,7,7,7,7,7,7,7,7,7,7,7,7,7,7,7,7,14,7,7,0
3849240310910500000000000000000000,8,8,8,8,8,8,8,8,8,8,8,8,8,8,8,8,8,8,8,8,8,8,8,17,17,8,0
3849245111870500000000000000000000,50,50,50,50,50,50,50,50,50,50,50,50,50,50,50,50,50,50,50,50,76,50,84,101,143,168,160
3849246411200500000000000000000000,59,59,59,59,59,59,59,59,59,59,59,59,59,59,59,59,59,59,59,59,277,328,378,437,874,529,605
3925930310900450000000000000000000,8,8,8,8,8,8,8,8,8,8,8,8,8,8,8,8,8,8,8,8,8,46,77,177,193,123,77
3925935411080450000000000000000000,15,15,15,15,15,15,15,15,15,15,15,15,15,15,15,15,15,15,15,15,15,15,15,15,15,31,116
3925935511120450000000000000000000,62,62,62,62,62,62,62,62,62,62,62,62,62,62,62,62,62,62,62,62,62,62,146,162,208,85,0
3952345111230480000000000000000000,47,47,47,47,47,47,47,47,47,47,47,47,47,47,47,47,47,47,47,47,47,47,47,47,47,74,102
3952345111500480000000000000000000,9,9,9,9,9,9,9,9,9,9,9,9,9,9,9,9,9,9,9,9,9,9,9,9,9,9,0
4010526411150440000000000000000000,6,6,6,6,6,6,6,6,6,6,6,6,6,6,6,116,146,110,92,61,122,140,116,134,128,0,0
4010526411150450000000000000000000,122,122,122,122,122,122,122,122,122,122,122,122,122,122,122,122,122,122,122,122,122,122,122,122,122,183,134
4010526411150450000000000000000000,6,6,6,6,6,6,6,6,6,6,6,6,6,6,6,6,6,6,6,6,6,6,6,6,6,0,0
4010526411150450000000000000000000,6,6,6,6,6,6,6,6,6,6,6,6,6,6,6,6,6,6,6,6,6,6,6,6,6,0,0
4010526411350450000000000000000000,6,6,6,6,6,6,6,6,6,6,6,6,6,6,6,6,6,6,6,6,6,6,6,6,6,12,0
4010526411350450000000000000000000,6,6,6,6,6,6,6,6,6,6,6,6,6,6,6,6,6,6,6,6,6,6,6,6,6,6,0
4010526411550450000000000000000000,6,6,6,6,6,6,6,6,6,6,6,6,6,6,6,6,6,6,6,6,6,6,6,0,0,0,0
4098545111100470000000000000000000,77,77,77,77,77,77,77,77,77,77,77,77,77,77,77,77,77,77,77,77,275,387,318,224,430,86,206
4098545111100470000000000000000000,77,77,77,77,77,77,77,77,77,77,77,77,77,77,77,335,464,585,464,542,507,843,611,731,1006,353,146
4098545111100470000000000000000000,112,112,112,112,112,112,112,112,112,112,112,112,112,112,112,112,112,112,112,112,112,112,112,224,568,301,292
4098545511100470000000000000000000,17,17,17,17,17,17,17,17,17,17,9,9,9,26,26,26,26,26,26,26,26,26,26,26,26,26,0
4098545511100470000000000000000000,9,9,9,9,9,9,9,9,9,9,9,9,9,9,9,34,34,52,69,284,353,310,198,378,525,43,0
4098545511100470000000000000000000,9,9,9,9,9,9,9,9,9,9,9,9,9,9,9,9,9,9,9,9,0,0,0,0,0,0,0
4098545511100470000000000000000000,9,9,9,9,9,9,9,9,9,9,9,9,9,9,9,9,9,9,9,9,9,9,9,9,9,0,0
4098545511100470000000000000000000,9,9,9,9,9,9,9,9,9,9,103,103,86,77,0,0,0,0,0,0,0,0,0,0,0,0,0
4098545511100470000000000000000000,26,26,26,26,26,26,26,26,26,26,26,26,26,26,26,43,206,421,301,421,292,310,292,387,774,215,0
4098545511100470000000000000000000,9,9,9,9,9,9,9,9,9,9,9,9,0,0,0,0,0,0,0,0,0,0,0,0,0,0,0
4098545511100470000000000000000000,9,9,9,9,9,9,9,9,9,9,9,9,9,9,9,9,9,9,9,9,0,0,0,0,0,0,0
4098545511100470000000000000000000,86,86,86,86,86,86,86,86,86,86,86,86,86,86,86,86,86,86,86,86,86,86,86,155,335,112,120
4098545511200470000000000000000000,9,9,9,9,9,9,9,9,9,9,9,9,9,9,9,9,9,9,9,9,9,9,9,9,9,9,0
4098545511200470000000000000000000,9,9,9,9,9,9,9,9,9,9,9,9,9,9,9,9,9,9,9,9,9,9,9,9,9,0,0
4098545511200470000000000000000000,9,9,9,9,9,9,9,9,9,9,9,9,9,9,9,9,9,9,9,9,9,9,9,9,9,0,0
4098546411020460000000000000000000,9,9,9,9,9,9,9,9,9,9,9,9,9,9,9,9,9,9,9,9,9,9,9,9,9,172,241
4098546411100470000000000000000000,163,163,163,163,163,163,163,163,163,163,163,163,163,163,163,163,163,163,163,163,163,163,163,163,163,163,163
4098546411450460000000000000000000,26,26,26,26,26,26,26,26,26,26,26,26,26,26,26,26,26,26,26,26,26,26,26,26,26,490,507
4122403510860470000000000000000000,47,47,47,47,47,47,47,47,47,47,47,47,47,47,47,47,47,47,47,47,182,291,172,218,359,0,0
4122405111100470000000000000000000,36,36,36,36,36,36,36,36,36,36,36,36,36,36,36,36,36,36,36,36,36,36,36,36,36,26,0
4122405511100470000000000000000000,5,5,5,5,5,5,5,5,5,5,5,5,5,5,5,5,5,5,5,5,5,5,5,5,5,62,68
4167490310960430000000000000000000,7,7,7,7,7,7,7,7,7,7,7,7,7,7,7,29,14,36,43,43,58,29,101,79,86,122,86
4167490311000430000000000000000000,22,22,22,22,22,22,22,22,22,22,22,22,22,22,22,58,72,58,65,94,122,58,122,108,137,166,115
4167490311000430000000000000000000,14,14,14,14,14,14,14,14,14,14,14,14,14,14,14,86,86,50,29,36,50,72,72,72,36,22,0
4167495510960430000000000000000000,7,7,7,7,7,7,7,7,7,7,7,7,7,7,7,7,7,14,7,7,7,7,7,22,14,0,0
4167495511000430000000000000000000,7,7,7,7,7,7,7,7,7,7,7,7,7,7,7,22,14,7,22,22,14,14,7,7,22,0,0
4178030310910430000000000000000000,7,7,7,7,7,7,7,7,7,7,7,7,7,7,7,7,7,7,7,7,7,7,7,7,7,7,0
4178030310910430000000000000000000,20,20,20,20,20,20,20,20,20,20,20,20,20,20,20,20,20,20,20,20,20,20,20,20,20,41,116
4178033510910430000000000000000000,14,14,14,14,14,14,14,14,14,14,14,14,14,14,14,14,14,14,14,14,14,14,14,14,14,14,0
4254323510810460000000000000000000,9,9,9,9,9,9,9,9,9,9,9,9,9,9,9,109,282,346,282,537,491,428,464,455,673,46,0
4254323510810460000000000000000000,9,9,9,9,9,9,9,9,9,9,9,9,9,9,9,9,9,9,9,9,9,9,9,9,9,91,0
4254323510810460000000000000000000,36,36,36,36,36,36,36,36,36,36,337,291,173,255,355,437,300,209,155,218,137,137,46,73,46,55,0
4254325110810460000000000000000000,109,109,109,109,109,109,109,109,109,109,109,109,109,109,109,355,737,1019,683,1229,1283,1338,1274,1556,1411,1147,1502
4254325110810460000000000000000000,46,46,46,46,46,46,46,46,46,46,482,455,346,391,501,919,537,528,628,683,300,519,309,346,537,73,146
4254326410960460000000000000000000,18,18,18,18,18,18,18,18,18,18,18,18,18,18,18,18,9,91,82,9,73,27,9,64,18,127,200
4254326410960460000000000000000000,9,9,9,9,9,9,9,9,9,9,82,82,55,27,127,18,18,18,18,18,0,0,0,0,0,0,0
4254326411100460000000000000000000,9,9,9,9,9,9,9,9,9,9,9,9,9,9,9,9,9,9,9,9,9,9,9,9,0,0,0
4361055111050470000000000000000000,24,24,24,24,24,24,24,24,24,24,41,12,12,53,65,65,41,47,6,47,0,0,0,0,0,0,0
4361055111050470000000000000000000,24,24,24,24,24,24,24,24,24,24,24,24,24,24,24,24,24,24,24,24,24,24,24,24,24,431,431
4361055111050470000000000000000000,24,24,24,24,24,24,24,24,24,24,24,18,24,18,47,12,18,6,12,47,454,454,407,348,419,0,0
4361055511050470000000000000000000,6,6,6,6,6,6,6,6,6,6,6,6,6,6,6,6,6,6,6,6,6,6,6,6,6,0,0
4361055511050470000000000000000000,6,6,6,6,6,6,6,6,6,6,6,6,6,6,6,6,6,6,6,6,0,0,0,0,0,0,0
4361056411287470000000000000000000,6,6,6,6,6,6,6,6,6,6,6,6,6,6,6,6,6,6,6,6,6,6,6,6,6,24,0
4361056411287470000000000000000000,6,6,6,6,6,6,6,6,6,6,6,6,6,6,6,6,6,6,6,6,24,35,71,89,153,0,0
4370635111000450000000000000000000,10,10,10,10,10,10,10,10,10,10,10,10,10,10,10,10,10,10,10,10,10,10,10,10,10,76,0
4370635111000450000000000000000000,10,10,10,10,10,10,10,10,10,10,10,10,10,10,10,10,10,10,10,10,10,10,10,10,10,133,0
4370635111000450000000000000000000,29,29,29,29,29,29,29,29,29,29,29,29,29,29,29,29,29,29,29,29,29,29,29,29,29,38,95
4370637111410450000000000000000000,10,10,10,10,10,10,10,10,10,10,10,10,10,10,10,10,10,10,10,10,10,10,10,10,10,10,0
4375985111100460000000000000000000,50,50,50,50,50,50,50,50,50,50,50,50,50,50,50,50,50,50,50,50,281,402,446,396,605,77,66
4375985411450460000000000000000000,6,6,6,6,6,6,6,6,6,6,6,6,6,6,6,33,50,39,44,83,11,11,11,11,11,0,0
4375985511100450000000000000000000,39,39,39,39,39,39,39,39,39,39,39,39,39,39,39,39,39,39,39,39,72,83,72,61,72,28,0
4375985511200460000000000000000000,6,6,6,6,6,6,6,6,6,6,6,6,6,6,6,6,6,6,6,6,6,6,6,6,6,0,0
4375985511450460000000000000000000,17,17,17,17,17,17,17,17,17,17,17,17,17,17,17,44,22,22,28,61,6,6,6,6,6,0,0
4375985511450460000000000000000000,6,6,6,6,6,6,6,6,6,6,6,6,6,6,6,6,6,6,0,0,0,0,0,0,0,0,0
4375985511450460000000000000000000,6,6,6,6,6,6,6,6,6,6,6,6,6,6,6,6,6,6,6,6,6,6,6,6,6,0,0
4375985511450460000000000000000000,6,6,6,6,6,6,6,6,6,6,6,6,6,6,6,6,6,6,6,6,6,6,6,6,6,0,0
4375986411450460000000000000000000,6,6,6,6,6,6,6,6,6,6,6,6,6,6,6,6,6,6,6,6,6,6,6,6,6,0,0
4375986411450460000000000000000000,11,11,11,11,11,11,11,11,11,11,11,11,11,11,11,11,11,11,11,11,11,11,11,11,11,34,0
4537527111000470000000000000000000,19,19,19,19,19,19,19,19,19,19,19,19,19,19,19,19,19,19,19,19,19,19,19,19,10,29,0
4537527111000470000000000000000000,19,19,19,19,19,19,19,19,19,19,19,19,19,19,19,19,19,19,19,19,19,19,19,29,10,38,0
4537527111350470000000000000000000,29,29,29,29,29,29,29,29,29,29,29,29,29,29,29,29,29,29,29,29,29,29,29,29,48,57,0
4537527111350480000000000000000000,67,67,67,67,67,67,67,67,67,67,67,67,67,67,67,67,67,67,67,67,67,67,114,190,238,247,190
4537527111350480000000000000000000,10,10,10,10,10,10,10,10,10,10,10,10,10,10,10,10,10,10,10,10,10,10,10,10,10,0,0
4537527111850470000000000000000000,10,10,10,10,10,10,10,10,10,10,10,10,10,10,10,10,10,10,10,10,10,10,10,10,10,0,0
4537527111850480000000000000000000,10,10,10,10,10,10,10,10,10,10,10,10,10,10,10,10,10,10,10,10,10,10,10,10,10,10,0
4683920311070490000000000000000000,6,6,6,6,6,6,6,6,6,6,6,6,6,6,6,6,6,6,6,6,6,6,6,6,6,0,0
4683920311070490000000000000000000,6,6,6,6,6,6,6,6,6,6,6,6,6,6,6,6,6,6,6,6,6,6,6,6,6,6,0
4683920311140490000000000000000000,106,106,106,106,106,106,106,106,106,106,106,106,106,106,106,106,106,106,106,106,235,280,241,375,342,202,146
4683920311370490000000000000000000,39,39,39,39,39,39,39,39,39,39,39,39,39,39,39,39,39,39,39,39,50,39,45,62,39,34,0
4726035111000470000000000000000000,8,8,8,8,8,8,8,8,8,8,8,8,8,8,8,25,25,67,202,126,109,109,84,50,84,42,0
4726035111020480000000000000000000,8,8,8,8,8,8,8,8,8,8,8,59,84,134,227,277,210,193,84,59,59,42,42,34,34,0,0
4726035111230480000000000000000000,25,25,25,25,25,25,25,25,25,25,25,17,8,17,50,17,17,17,25,8,109,118,126,160,244,101,84
4758953510810460000000000000000000,27,27,27,27,27,27,27,27,27,27,27,27,27,27,27,27,27,27,27,27,27,27,27,27,27,5,0
4758953510960460000000000000000000,5,5,5,5,5,5,5,5,5,5,5,5,5,5,5,5,5,5,5,5,5,5,5,5,5,0,0
4758955110810460000000000000000000,38,38,38,38,38,38,38,38,38,38,38,38,38,38,38,38,38,38,38,38,38,38,38,38,124,54,97
4758956410960460000000000000000000,49,49,49,49,49,49,49,49,49,49,49,49,49,49,49,49,49,49,49,49,49,49,49,49,38,16,0
4819505111160460000000000000000000,32,32,32,32,32,32,32,32,32,32,32,32,32,32,32,32,32,32,32,32,81,59,81,81,76,140,151
4819505111410460000000000000000000,11,11,11,11,11,11,11,11,11,11,11,11,11,11,11,11,11,11,11,11,5,5,5,5,5,0,0
4819505111410460000000000000000000,5,5,5,5,5,5,5,5,5,5,5,5,5,5,5,5,5,5,5,5,5,5,5,5,5,5,0
4819505511160460000000000000000000,5,5,5,5,5,5,5,5,5,5,5,5,5,5,5,5,5,5,5,5,5,5,5,5,5,5,0
4824977111550460000000000000000000,17,17,17,17,17,17,17,17,17,17,17,74,125,114,137,6,6,6,6,6,6,6,6,6,6,0,0
4824977111650470000000000000000000,6,6,6,6,6,6,6,6,6,6,6,6,6,6,120,160,154,188,205,200,257,239,125,51,17,0,0
4824977111690460000000000000000000,125,125,125,125,125,125,125,125,125,125,125,125,125,125,125,125,125,125,125,125,125,125,125,91,188,336,177
4929520310930470000000000000000000,16,16,16,16,16,16,16,16,16,16,16,16,16,16,16,16,16,16,16,40,40,55,55,63,87,47,0
4929520310930470000000000000000000,16,16,16,16,16,16,16,16,16,16,16,16,16,16,16,16,16,16,126,229,198,300,237,237,442,190,150
4929520310930470000000000000000000,8,8,8,8,8,8,8,8,8,8,8,8,8,8,8,8,8,8,32,47,24,47,8,32,32,0,0
4929523510930470000000000000000000,8,8,8,8,8,8,8,8,8,8,8,8,8,8,8,8,8,8,8,8,0,0,0,0,0,0,0
4929523510930470000000000000000000,24,24,24,24,24,24,24,24,24,24,24,24,24,24,24,24,24,24,24,24,8,32,40,24,24,24,0
4964590310930440000000000000000000,10,10,10,10,10,10,10,10,10,10,10,10,10,10,10,10,10,10,182,250,154,144,144,240,307,211,173
4964593510930440000000000000000000,10,10,10,10,10,10,10,10,10,10,19,29,29,29,58,38,29,29,614,902,442,326,422,346,643,269,211
5015645111480480000000000000000000,37,37,37,37,37,37,37,37,37,37,37,37,37,37,37,37,37,37,37,37,37,37,37,37,112,233,149
5015645111480480000000000000000000,9,9,9,9,9,9,9,9,9,9,9,9,9,9,9,9,9,9,9,9,9,9,9,9,9,19,0
5103099111350470000000000000000000,5,5,5,5,5,5,5,5,5,5,5,5,5,5,5,5,5,5,5,10,52,16,26,26,21,21,0
5103099111550470000000000000000000,26,26,26,26,26,26,26,26,26,26,26,26,26,26,26,26,26,26,26,62,99,83,94,62,78,114,94
5103099111800460000000000000000000,10,10,10,10,10,10,10,10,10,10,10,10,10,10,10,10,10,10,10,52,42,10,16,16,31,36,0
5167503510820450000000000000000000,5,5,5,5,5,5,5,5,5,5,5,5,5,5,5,5,5,5,5,106,74,37,58,53,85,0,0
5167503510820450000000000000000000,5,5,5,5,5,5,5,5,5,5,5,5,5,5,5,5,5,5,5,5,58,117,90,85,159,32,53
5264015110953460000000000000000000,11,11,11,11,11,11,11,11,11,11,11,11,11,11,11,11,11,11,11,11,325,501,374,380,627,380,385
5264015110953460000000000000000000,6,6,6,6,6,6,6,6,6,6,6,6,6,6,6,6,6,6,6,6,6,6,6,6,6,0,0
5264016410956460000000000000000000,11,11,11,11,11,11,11,11,11,11,11,11,11,11,11,11,11,11,11,11,28,28,11,28,39,22,0
5277651120300370000000000000000000,6,6,6,6,6,6,6,6,6,6,6,6,6,6,6,6,6,6,6,6,6,6,6,6,6,0,0
5277651120300370000000000000000000,195,195,195,195,195,195,195,195,195,195,195,195,195,195,195,195,195,195,195,195,195,195,195,195,195,18,0
5277651120300370000000000000000000,6,6,6,6,6,6,6,6,6,6,6,6,6,6,6,6,6,6,6,6,6,6,6,6,6,6,0
5277651120360370000000000000000000,12,12,12,12,12,12,12,12,12,12,12,12,12,12,12,12,12,12,12,12,12,12,12,12,12,12,65
5278099111350500000000000000000000,6,6,6,6,6,6,6,6,6,6,6,6,6,6,6,6,6,6,6,6,6,6,6,6,6,6,0
5278099111350500000000000000000000,17,17,17,17,17,17,17,17,17,17,17,17,17,17,17,17,17,17,17,17,17,17,17,17,17,11,0
5278099111350510000000000000000000,50,50,50,50,50,50,50,50,50,50,50,50,50,50,50,50,50,50,50,50,50,50,28,44,44,50,0
5278099111350510000000000000000000,17,17,17,17,17,17,17,17,17,17,17,17,17,17,17,17,17,17,17,17,17,17,17,17,17,17,66
5278099111350510000000000000000000,50,50,50,50,50,50,50,50,50,50,50,50,50,50,50,50,50,50,50,50,50,50,50,50,50,11,0
5278099111800490000000000000000000,6,6,6,6,6,6,6,6,6,6,6,6,6,6,6,6,6,6,6,6,6,6,6,6,6,0,0
5278099111800510000000000000000000,17,17,17,17,17,17,17,17,17,17,17,17,17,17,17,17,17,17,17,17,17,105,143,121,160,198,0
5278099111800510000000000000000000,6,6,6,6,6,6,6,6,6,6,6,6,6,6,6,6,6,6,6,6,6,6,6,6,6,6,88
5278099111800510000000000000000000,6,6,6,6,6,6,6,6,6,6,6,6,6,6,6,6,6,6,6,6,6,6,6,6,6,0,0
5278099112000510000000000000000000,11,11,11,11,11,11,11,11,11,11,11,11,11,11,11,11,11,11,11,11,11,11,11,11,11,6,0
5407125111350450000000000000000000,9,9,9,9,9,9,9,9,9,9,9,9,9,9,9,9,9,9,9,9,56,121,19,335,28,316,335
5407125111350450000000000000000000,9,9,9,9,9,9,9,9,9,9,9,9,9,9,9,9,9,9,9,9,9,9,47,19,19,0,0
5407125111350450000000000000000000,19,19,19,19,19,19,19,19,19,19,19,19,19,19,19,19,19,19,19,19,19,19,19,19,19,0,0
5407125511040450000000000000000000,28,28,28,28,28,28,28,28,28,28,28,28,28,28,28,28,28,28,28,28,28,28,47,177,121,74,0
5407125511040450000000000000000000,9,9,9,9,9,9,9,9,9,9,9,9,9,9,9,9,9,9,9,9,9,9,9,9,9,0,0
5591320311100490000000000000000000,7,7,7,7,7,7,7,7,7,7,7,7,7,7,7,7,7,7,7,7,7,7,7,7,7,7,0
5591320311100490000000000000000000,7,7,7,7,7,7,7,7,7,7,7,7,7,7,7,7,7,7,7,7,7,76,62,117,152,179,104
5591320311100490000000000000000000,7,7,7,7,7,7,7,7,7,7,7,7,7,7,7,7,7,7,7,7,7,7,14,7,14,28,0
5591320311370490000000000000000000,14,14,14,14,14,14,14,14,14,14,14,14,14,14,14,14,14,14,14,14,14,14,14,14,7,7,0
5591320311370490000000000000000000,7,7,7,7,7,7,7,7,7,7,7,7,7,7,7,7,7,7,7,7,7,7,7,7,7,0,0
5591320311370490000000000000000000,14,14,14,14,14,14,14,14,14,14,14,14,14,14,14,14,14,14,14,14,14,7,7,7,7,0,0
5591320311370500000000000000000000,7,7,7,7,7,7,7,7,7,7,7,7,7,7,7,7,7,7,7,7,7,7,7,7,7,0,0
5602653510635440000000000000000000,27,27,27,27,27,27,27,27,27,27,27,27,27,27,27,27,27,27,27,27,27,27,41,27,34,0,0
5602653510635440000000000000000000,7,7,7,7,7,7,7,7,7,7,7,7,7,7,7,7,7,7,7,7,7,0,0,0,0,0,0
5602653510750450000000000000000000,54,54,54,54,54,54,54,54,54,54,54,54,54,54,54,54,54,54,54,54,34,34,14,7,88,0,0
5602653510780450000000000000000000,14,14,14,14,14,14,14,14,14,14,14,14,14,14,14,14,14,7,7,7,7,7,7,7,7,0,0
5602653510780450000000000000000000,7,7,7,7,7,7,7,7,7,7,7,7,7,7,7,7,7,7,7,7,0,0,0,0,0,0,0
5602653510850450000000000000000000,211,211,211,211,211,211,211,211,211,211,211,211,211,211,211,211,211,211,211,211,211,211,163,279,320,88,75
5602653510850450000000000000000000,27,27,27,27,27,27,27,27,27,27,27,27,27,27,27,27,27,27,27,27,95,0,0,0,0,0,0
5691545511100420000000000000000000,28,28,28,28,28,28,28,28,28,28,28,28,28,28,28,28,28,28,28,28,28,28,28,28,129,9,0
5691545511100420000000000000000000,9,9,9,9,9,9,9,9,9,9,9,9,9,9,9,9,9,9,9,9,9,9,9,9,193,28,0
5691546411100420000000000000000000,74,74,74,74,74,74,74,74,74,74,74,74,74,74,74,74,74,74,74,74,74,74,74,74,74,156,175
5691546411100420000000000000000000,83,83,83,83,83,83,83,83,83,83,83,83,83,83,83,83,83,83,83,83,83,83,83,83,83,193,184
5762983510820470000000000000000000,8,8,8,8,8,8,8,8,8,8,8,8,8,8,8,8,8,8,8,8,55,0,0,0,0,0,0
5762983510820470000000000000000000,8,8,8,8,8,8,8,8,8,8,8,8,8,8,8,8,8,47,47,47,47,47,71,40,55,16,0
5762983510830470000000000000000000,16,16,16,16,16,16,16,16,16,16,16,16,16,16,16,16,16,16,16,16,79,0,0,0,0,0,0
5762983510830470000000000000000000,8,8,8,8,8,24,24,24,24,24,87,79,63,103,8,55,79,63,24,79,79,79,32,24,32,8,0
5762983510830510000000000000000000,16,16,16,16,16,16,16,16,16,16,16,16,16,16,16,111,119,158,126,158,213,158,166,182,284,8,0
5762983510830510000000000000000000,8,8,8,8,8,8,8,8,8,8,8,8,8,8,8,8,8,8,8,8,8,8,8,8,24,0,0
5762983510830510000000000000000000,8,8,8,8,8,8,8,8,8,8,8,8,8,8,8,8,8,8,8,8,8,0,0,0,0,0,0
5762983510850470000000000000000000,8,8,8,8,8,8,8,8,8,8,8,8,8,8,8,8,8,8,8,8,8,8,8,8,8,16,0
5762983510890510000000000000000000,47,47,47,47,47,47,47,47,47,47,47,47,47,47,47,47,47,47,47,47,16,0,0,0,0,0,0
5762983510890510000000000000000000,24,24,24,24,24,24,24,24,24,24,40,40,32,40,16,8,8,24,24,24,24,24,16,16,16,8,0
5762983510900470000000000000000000,24,24,24,24,24,24,24,24,24,24,24,24,24,24,24,24,24,24,24,24,24,24,24,16,95,0,0
5762983510900510000000000000000000,8,8,8,8,8,8,8,8,8,8,8,8,8,8,8,8,8,8,8,8,8,8,8,8,8,134,79
5762983510900520000000000000000000,24,24,24,24,24,24,24,24,24,24,24,24,24,24,24,24,24,24,24,24,24,24,24,24,24,103,95
5762983510900520000000000000000000,8,8,8,8,8,8,8,8,8,8,8,8,8,8,8,8,8,8,8,8,8,8,8,8,8,0,0
5762985511080480000000000000000000,8,8,8,8,8,8,8,8,8,8,8,8,8,8,8,8,8,8,8,8,8,8,8,8,8,0,0
5804703510810460000000000000000000,6,6,6,6,6,6,6,6,6,6,6,6,6,6,6,6,6,6,6,6,130,165,148,130,218,71,71
5804705110810460000000000000000000,6,6,6,6,6,6,6,6,6,6,6,6,6,6,6,6,6,6,6,6,277,555,407,543,749,301,260
5804705110810460000000000000000000,77,77,77,77,77,77,77,77,77,77,77,77,77,77,77,77,77,77,77,77,77,77,77,77,77,77,77
5804706410960460000000000000000000,6,6,6,6,6,6,6,6,6,6,6,6,6,6,6,6,6,6,6,6,41,30,24,12,53,12,0
5806340310930440000000000000000000,9,9,9,9,9,9,9,9,9,9,9,9,9,9,9,9,9,9,9,9,9,9,9,9,9,0,0
5806340310930440000000000000000000,37,37,37,37,37,37,37,37,37,37,37,37,37,37,37,37,37,37,37,37,28,37,129,64,92,92,92
5806340310930440000000000000000000,18,18,18,18,18,18,18,18,18,18,18,18,18,18,18,18,18,18,18,18,83,147,101,221,175,193,156
5806340310930440000000000000000000,28,28,28,28,28,28,28,28,28,28,28,28,28,28,28,28,28,28,28,28,9,28,18,28,18,9,0
5876780310960430000000000000000000,19,19,19,19,19,19,19,19,19,19,19,19,19,19,19,39,78,97,204,456,252,194,243,243,427,146,155
5876780310960430000000000000000000,19,19,19,19,19,19,19,19,19,19,19,19,19,19,19,19,19,19,19,19,19,19,19,19,19,19,0
5876780311000430000000000000000000,10,10,10,10,10,10,10,10,10,10,10,10,10,10,10,19,87,78,29,29,10,19,19,19,19,10,0
5876780311000430000000000000000000,19,19,19,19,19,19,19,19,19,19,19,19,19,19,19,165,68,126,184,330,194,116,184,126,146,155,0
5876780311000430000000000000000000,10,10,10,10,10,10,10,10,10,10,10,10,10,10,10,10,10,10,10,10,0,0,0,0,0,0,0
5876785510960430000000000000000000,10,10,10,10,10,10,10,10,10,10,10,10,10,10,10,10,10,19,10,19,19,10,10,10,10,29,0
5876785511000430000000000000000000,10,10,10,10,10,10,10,10,10,10,10,10,10,10,10,10,10,10,19,19,10,10,10,10,10,0,0
5917900310730460000000000000000000,16,16,16,16,16,16,16,16,16,16,16,16,16,16,16,16,16,16,16,31,31,39,23,47,62,39,0
5917900310850460000000000000000000,8,8,8,8,8,8,8,8,8,8,8,8,8,8,8,8,8,8,8,8,8,8,8,8,8,0,0
5917900310850460000000000000000000,47,47,47,47,47,47,47,47,47,47,47,47,47,47,47,47,47,47,47,47,47,47,47,47,47,320,195
5917900311030460000000000000000000,8,8,8,8,8,8,8,8,8,8,8,8,8,8,8,8,8,8,8,8,8,8,8,8,8,0,0
5917900311030460000000000000000000,8,8,8,8,8,8,8,8,8,8,8,8,16,8,23,23,8,8,8,8,0,0,0,0,0,0,0
5917905510850460000000000000000000,8,8,8,8,8,8,8,8,8,8,8,8,8,8,8,8,8,8,8,8,8,8,8,8,8,0,0
5917905510850460000000000000000000,8,8,8,8,8,8,8,8,8,8,8,8,8,8,8,8,8,8,8,8,8,8,8,8,8,0,0
5979275111150490000000000000000000,19,19,19,19,19,19,19,19,19,19,19,19,19,19,19,19,19,19,19,19,19,19,19,19,19,0,0
5979275111180480000000000000000000,9,9,9,9,9,9,9,9,9,9,9,9,9,9,9,9,9,9,19,56,233,409,242,214,381,93,0
5979275111190490000000000000000000,28,28,28,28,28,19,19,84,65,19,37,130,93,28,158,93,74,56,19,28,214,214,56,65,65,0,0
5979275111800490000000000000000000,28,28,28,28,28,28,28,28,28,28,37,93,47,47,47,19,19,19,19,19,0,0,0,0,0,0,0
5979275111800490000000000000000000,19,19,19,19,19,19,19,19,19,19,19,19,19,19,19,19,19,19,37,28,19,19,19,19,9,0,0
5979276411324490000000000000000000,65,65,65,65,65,65,65,65,65,65,65,65,65,65,65,65,65,65,65,158,242,409,372,391,623,158,140
6039720311500500000000000000000000,79,79,79,79,79,79,79,79,79,79,79,79,79,79,79,79,79,79,79,79,238,273,150,202,238,167,88
6039726411400510000000000000000000,70,70,70,70,70,70,70,70,70,70,70,70,70,70,70,70,70,70,70,70,246,334,194,211,185,194,132
6039726411650500000000000000000000,88,88,88,88,88,88,88,88,88,88,88,88,88,88,88,88,88,88,88,88,88,88,88,88,88,88,194
6039726412000500000000000000000000,26,26,26,26,26,26,26,26,26,26,26,26,26,26,26,26,26,26,26,26,53,44,35,26,44,53,0
6039726412450510000000000000000000,9,9,9,9,9,9,9,9,9,9,9,9,9,9,9,9,9,9,9,9,9,9,9,9,9,9,0
6125235111150450000000000000000000,9,9,9,9,9,9,9,9,9,9,9,9,9,9,9,9,9,9,9,9,9,9,9,9,9,113,113
6125235511150450000000000000000000,19,19,19,19,19,19,19,19,19,19,19,19,19,19,19,19,19,19,19,19,19,19,19,19,19,19,0
6125235511150450000000000000000000,47,47,47,47,47,47,47,47,47,47,47,47,47,47,47,47,47,47,47,47,47,47,47,47,47,66,0
6140596111150480000000000000000000,77,77,77,77,77,77,77,77,77,77,77,77,77,77,77,77,77,48,67,115,106,134,48,106,86,0,0
6140596111150480000000000000000000,10,10,10,10,10,10,10,10,10,10,10,10,10,10,10,10,10,10,10,10,0,0,0,0,0,0,0
6140596111150480000000000000000000,29,29,29,29,29,29,29,29,29,29,29,29,29,29,134,67,58,10,10,0,0,0,0,0,0,0,0
6140596111350470000000000000000000,19,19,19,19,19,19,19,19,19,19,19,19,19,19,19,29,19,10,10,58,58,48,29,67,29,0,0
6140596111350470000000000000000000,29,29,29,29,29,29,29,29,29,29,29,29,29,29,29,10,10,10,10,10,10,10,10,10,10,0,0
6140596111350480000000000000000000,10,10,10,10,10,10,10,10,10,10,10,10,10,10,10,10,10,10,10,10,10,10,10,0,0,0,0
6140596111350480000000000000000000,77,77,77,77,77,77,77,77,77,77,77,173,96,144,134,106,58,10,19,19,0,0,0,0,0,0,0
6140596111350480000000000000000000,38,38,38,38,38,38,38,38,38,38,38,38,38,38,38,38,86,125,173,307,211,240,211,192,182,0,0
6140596111350480000000000000000000,19,19,19,19,19,19,19,19,19,19,19,19,19,19,19,10,10,19,19,10,10,10,10,10,19,0,0
6140596111550480000000000000000000,19,19,19,19,19,19,19,19,19,19,19,19,19,19,19,10,10,10,10,10,0,0,0,0,0,0,0
6140596111800470000000000000000000,10,10,10,10,10,10,10,10,10,10,10,10,10,10,10,10,10,10,10,10,10,10,10,10,10,0,0
6140596111800480000000000000000000,10,10,10,10,10,10,10,10,10,10,10,10,10,10,10,10,10,10,10,10,0,0,0,0,0,0,0
6140599111150480000000000000000000,125,125,125,125,125,125,125,125,125,125,125,125,125,125,125,125,125,125,125,125,125,125,125,125,125,192,115
6140599111350470000000000000000000,58,58,58,58,58,58,58,58,58,58,58,58,58,58,58,58,58,58,58,58,58,58,58,58,58,86,0
6140599111350480000000000000000000,38,38,38,38,38,38,38,38,38,38,38,38,38,38,38,38,38,38,38,38,38,38,38,38,38,250,211
6140599111350480000000000000000000,19,19,19,19,19,19,19,19,19,19,19,19,19,19,19,19,19,19,19,19,19,19,19,19,19,0,0
6194010310980450000000000000000000,10,10,10,10,10,10,10,10,10,10,10,10,10,10,10,10,10,10,10,10,59,147,176,157,137,186,216
6194013510980450000000000000000000,39,39,39,39,39,39,39,39,39,39,39,39,39,39,39,39,39,39,39,39,39,98,108,137,216,167,176
6210733510603440000000000000000000,9,9,9,9,9,9,9,9,9,9,9,9,9,9,9,9,9,9,9,9,0,0,0,0,0,0,0
6210733510603440000000000000000000,113,113,113,113,113,113,113,113,113,113,113,113,113,113,113,113,113,113,113,113,244,207,357,470,555,169,216
6210733510650440000000000000000000,66,66,66,66,66,66,66,66,66,66,66,66,66,66,66,66,66,66,66,329,0,0,0,0,0,0,0
6210733510650440000000000000000000,19,19,19,19,19,19,19,19,19,19,19,19,19,19,19,19,19,19,19,19,19,19,0,0,0,0,0
6210733510820440000000000000000000,9,9,9,9,9,9,9,9,9,9,9,9,9,9,9,9,9,9,9,9,0,0,0,0,0,0,0
6210733510820440000000000000000000,9,9,9,9,9,9,9,9,9,9,9,9,9,9,9,9,9,9,9,9,9,9,9,9,9,0,0
6210733510820440000000000000000000,9,9,9,9,9,9,9,9,9,9,9,9,9,9,9,9,9,9,216,564,329,498,367,545,884,348,235
6210733510820440000000000000000000,9,9,9,9,9,9,9,9,9,9,9,19,19,19,19,9,9,9,9,9,9,9,9,9,9,0,0
6210733510820440000000000000000000,38,38,38,38,38,38,38,38,38,38,28,28,28,9,47,9,9,47,47,414,658,893,808,1241,1626,620,611
6280413510810430000000000000000000,7,7,7,7,7,7,7,7,7,7,7,20,20,20,26,20,13,33,13,13,7,20,7,13,7,0,0
6280413510960420000000000000000000,13,13,13,13,13,13,13,13,13,13,13,13,13,20,13,7,7,7,7,13,7,7,7,7,7,0,0
6280413511100430000000000000000000,7,7,7,7,7,7,7,7,7,7,7,7,7,7,7,7,7,7,7,7,0,0,0,0,0,0,0
6280415110810430000000000000000000,125,125,125,125,125,125,125,125,125,125,125,271,185,257,469,224,356,317,304,330,191,422,376,508,370,409,416
6280416410960430000000000000000000,73,73,73,73,73,73,73,73,73,73,73,257,185,244,422,343,337,370,693,251,205,330,277,257,521,271,330
6280416411100420000000000000000000,7,7,7,7,7,7,7,7,7,7,7,7,13,13,13,46,26,13,33,20,13,20,40,20,40,40,0
6280416411620430000000000000000000,7,7,7,7,7,7,7,7,7,7,7,7,7,7,7,7,7,7,7,13,13,13,13,13,7,0,0
6492135111640470000000000000000000,5,5,5,5,5,5,5,5,5,5,5,5,20,41,66,107,61,87,61,15,0,0,0,0,0,0,0
6492135112000470000000000000000000,5,5,5,5,5,5,5,5,5,5,5,15,15,10,10,10,5,5,5,5,0,0,0,0,0,0,0
6492137112000470000000000000000000,26,26,26,26,26,26,26,26,26,26,26,26,26,26,26,26,26,26,26,87,143,97,117,122,153,122,107
6513470310960410000000000000000000,9,9,9,9,9,9,9,9,9,9,9,98,80,294,365,116,134,205,312,107,134,169,223,125,285,134,223
6513470310960410000000000000000000,9,9,9,9,9,9,9,9,9,9,9,9,9,9,18,36,27,27,18,9,9,9,9,9,9,0,0
6513470310960410000000000000000000,9,9,9,9,9,9,9,9,9,9,9,9,9,9,9,9,9,9,9,0,0,0,0,0,0,0,0
6513473510960410000000000000000000,27,27,27,27,27,27,27,27,27,27,27,27,27,27,27,18,18,18,9,18,27,9,18,9,27,0,0
6517825111930510000000000000000000,5,5,5,5,5,5,5,5,5,5,95,85,85,74,127,64,74,106,69,122,0,0,0,0,0,0,0
6517825111930510000000000000000000,16,16,16,16,16,16,16,16,16,16,16,16,16,16,16,16,16,16,16,16,133,117,122,122,164,133,80
6534365111050470000000000000000000,122,122,122,122,122,122,122,122,122,122,122,122,122,122,122,122,122,122,122,122,122,122,122,122,122,122,171
6541343011010460000000000000000000,20,20,20,20,20,20,20,20,20,20,20,20,20,20,20,20,20,20,20,20,20,280,169,403,754,215,280
6541343011010460000000000000000000,7,7,7,7,7,7,7,7,7,7,7,7,7,7,7,7,7,7,7,7,7,7,7,7,7,7,0
6541343011010460000000000000000000,39,39,39,39,39,39,39,39,39,39,39,39,39,39,39,39,39,39,39,39,39,39,39,39,39,52,0
6541343511010460000000000000000000,39,39,39,39,39,39,39,39,39,39,39,39,39,39,39,137,52,59,410,1281,241,111,7,7,7,0,0
6541343511010460000000000000000000,20,20,20,20,20,20,20,20,20,20,20,20,20,20,20,20,20,20,20,20,13,7,7,39,156,150,156
6541345411100460000000000000000000,39,39,39,39,39,39,39,39,39,39,39,39,39,39,39,39,39,39,39,39,39,39,39,39,39,85,78
6541345511010470000000000000000000,13,13,13,13,13,13,13,13,13,13,13,13,13,13,13,13,13,13,13,13,559,624,299,377,397,7,0
6541345511100460000000000000000000,91,91,91,91,91,91,91,91,91,91,91,91,91,91,91,91,91,91,91,91,130,429,371,507,936,72,0
6541345511100460000000000000000000,39,39,39,39,39,39,39,39,39,39,39,39,39,39,39,39,39,39,39,39,39,39,39,39,39,59,0
6541345511100470000000000000000000,7,7,7,7,7,7,7,7,7,7,7,7,7,7,7,7,7,7,7,7,7,7,7,7,7,7,0
6714823510810430000000000000000000,11,11,11,11,11,33,28,50,50,116,50,28,44,94,83,0,0,0,0,0,0,0,0,0,0,0,0
6714823510830430000000000000000000,50,50,50,50,50,50,50,50,50,50,50,50,50,50,50,50,50,33,39,72,44,33,17,39,28,6,0
6714823510900430000000000000000000,11,11,11,11,11,11,11,11,11,11,11,11,11,11,11,11,11,11,11,11,11,11,11,11,11,11,0
6714825110900430000000000000000000,11,11,11,11,11,11,11,11,11,11,11,11,11,11,11,11,11,11,11,11,11,11,11,11,11,11,88
6714825410810430000000000000000000,6,6,6,6,6,61,77,83,44,149,132,110,105,138,220,0,0,0,0,0,0,0,0,0,0,0,0
6714825410830430000000000000000000,77,77,77,77,77,77,77,77,77,77,77,77,77,77,77,116,149,99,116,132,72,77,61,110,160,33,0
6826516411400480000000000000000000,23,23,23,23,23,23,23,23,23,23,23,23,23,23,23,23,23,23,23,23,23,23,38,91,228,441,281
6826516411850480000000000000000000,15,15,15,15,15,15,15,15,15,15,15,15,15,15,15,15,15,15,15,15,15,15,8,8,8,8,0
6833640311100450000000000000000000,11,11,11,11,11,11,11,11,11,11,11,11,11,11,11,11,11,11,11,11,11,11,11,28,78,56,84
6833640311100450000000000000000000,6,6,6,6,6,6,6,6,6,6,6,6,6,6,6,6,6,6,6,6,6,6,6,6,6,6,0
6833645511100450000000000000000000,6,6,6,6,6,6,6,6,6,6,6,6,6,6,6,6,6,6,6,6,6,6,17,6,11,0,0
6872705510603460000000000000000000,19,19,19,19,19,19,19,19,19,19,19,19,19,19,19,19,19,19,19,19,19,19,19,19,19,25,0
6872705510820460000000000000000000,87,87,87,87,87,87,87,87,87,87,87,87,87,87,87,87,87,87,87,87,87,87,87,87,87,434,415
6927033511010450000000000000000000,12,12,12,12,12,12,12,12,12,12,12,12,12,12,12,162,209,267,220,505,145,81,157,168,186,64,93
6927033511120450000000000000000000,23,23,23,23,23,23,23,23,23,23,23,23,23,23,23,23,23,23,23,23,122,104,157,93,133,99,75
6927035111120450000000000000000000,145,145,145,145,145,145,145,145,145,145,145,145,145,145,145,145,145,145,145,145,145,145,145,145,354,354,313
6927036411010450000000000000000000,41,41,41,41,41,41,41,41,41,41,41,41,41,41,41,278,255,290,215,331,145,157,139,186,128,46,70
6927036411120450000000000000000000,6,6,6,6,6,6,6,6,6,6,6,6,6,6,6,6,6,6,6,6,238,394,238,139,104,17,0
6934365410950470000000000000000000,9,9,9,9,9,9,9,9,9,9,9,9,9,9,9,9,9,9,9,9,9,9,89,71,107,98,142
6934365410980480000000000000000000,9,9,9,9,9,9,9,9,9,9,9,9,9,9,9,9,9,9,9,9,9,9,9,27,9,89,0
6934365510950470000000000000000000,71,71,71,71,71,71,71,71,71,71,71,71,71,71,71,71,71,71,71,71,71,71,71,89,62,0,0
6934365510980470000000000000000000,89,89,89,89,89,89,89,89,89,89,89,89,89,89,89,89,89,89,89,89,89,89,89,187,107,62,0
7136510310920470000000000000000000,37,37,37,37,37,37,37,37,37,37,37,37,37,37,37,37,37,37,37,37,37,37,37,37,37,19,0
7136510311300470000000000000000000,12,12,12,12,12,12,12,12,12,12,12,12,12,12,12,12,12,12,12,12,62,56,56,68,56,260,192
7136510311300470000000000000000000,50,50,50,50,50,50,50,50,50,50,50,50,50,50,50,50,50,50,50,50,62,50,43,87,81,74,0
7136515510920470000000000000000000,6,6,6,6,6,6,6,6,6,6,6,6,6,6,6,6,6,6,6,6,6,6,6,6,6,0,0
7136515511300470000000000000000000,6,6,6,6,6,6,6,6,6,6,6,6,6,6,6,6,6,6,6,6,19,12,12,19,12,25,0
7141505111270470000000000000000000,80,80,80,80,80,80,80,80,80,80,80,80,80,80,80,80,80,80,80,80,80,80,80,80,80,240,190
7141505111270470000000000000000000,20,20,20,20,20,20,20,20,20,20,20,20,20,20,20,20,20,20,20,20,20,20,20,20,20,10,0
7141509111860470000000000000000000,10,10,10,10,10,10,10,10,10,10,10,10,10,10,10,10,10,10,10,10,10,10,10,10,10,0,0
7141525111180450000000000000000000,50,50,50,50,50,50,50,50,50,50,353,286,241,308,622,543,549,370,308,560,403,454,392,381,302,190,101
7141525111180450000000000000000000,17,17,17,17,17,17,17,17,17,17,28,56,39,39,101,39,45,45,45,84,78,78,90,73,50,0,0
7141525111470450000000000000000000,11,11,11,11,11,11,11,11,11,11,28,28,28,39,34,6,17,22,6,34,22,22,34,34,17,0,0
7141525411100450000000000000000000,34,34,34,34,34,34,34,34,34,34,34,34,34,34,34,34,34,34,34,34,34,34,34,157,386,90,0
7141526411320470000000000000000000,95,95,95,95,95,95,95,95,95,95,95,95,95,95,95,95,95,95,95,95,95,95,95,95,95,392,330
7141526411620470000000000000000000,22,22,22,22,22,22,22,22,22,22,22,22,22,22,22,22,22,22,22,22,22,22,22,22,22,50,0
7148605111050470000000000000000000,16,16,16,16,16,16,16,16,16,16,16,16,37,42,95,122,95,90,58,254,53,21,16,27,11,0,0
7148605111050470000000000000000000,5,5,5,5,5,5,5,5,5,5,5,5,5,21,11,5,5,5,5,5,37,180,164,159,329,164,58
7148605511050470000000000000000000,5,5,5,5,5,5,5,5,5,5,5,5,5,11,16,5,5,5,5,5,5,5,5,5,5,0,0
7148606411287470000000000000000000,27,27,27,27,27,27,27,27,27,27,27,27,27,11,21,5,32,32,32,111,5,48,53,127,170,53,80
7251373510840430000000000000000000,18,18,18,18,18,18,18,18,18,18,18,18,18,18,18,18,18,18,18,18,18,18,18,18,18,18,0
7251375110840440000000000000000000,18,18,18,18,18,18,18,18,18,18,18,18,18,18,18,18,18,18,18,18,18,18,18,18,18,18,0
7251375111010440000000000000000000,9,9,9,9,9,9,9,9,9,9,9,9,9,9,9,9,9,9,9,9,9,9,9,9,9,98,89
7327585111110460000000000000000000,7,7,7,7,7,7,7,7,7,7,7,7,7,7,7,7,7,7,7,7,7,7,7,7,7,0,0
7327585111110460000000000000000000,35,35,35,35,35,35,35,35,35,35,35,35,35,35,35,35,35,35,35,35,133,161,126,140,91,259,161
7327587111570460000000000000000000,14,14,14,14,14,14,14,14,14,14,14,14,14,14,14,14,14,14,14,14,14,77,21,42,49,35,0
7327587111570460000000000000000000,7,7,7,7,7,7,7,7,7,7,7,7,7,7,7,7,7,7,7,7,7,7,7,7,21,28,0
7327587111890460000000000000000000,7,7,7,7,7,7,7,7,7,7,7,7,7,7,7,7,7,7,7,7,0,0,0,0,0,0,0
7359713510810460000000000000000000,34,34,34,34,34,34,34,34,34,34,34,34,34,34,34,662,783,516,602,413,490,473,396,507,559,258,0
7359715110810460000000000000000000,95,95,95,95,95,95,95,95,95,95,95,95,95,95,95,1909,2821,2580,1703,2098,2683,3328,2107,2726,3259,2606,1909
7359715410850460000000000000000000,103,103,103,103,103,103,103,103,103,103,103,103,103,103,103,103,103,103,103,103,103,103,103,103,103,103,103
7359716411030460000000000000000000,77,77,77,77,77,77,77,77,77,77,77,77,77,77,77,181,181,215,120,60,43,34,9,34,52,17,0
7360943510840450000000000000000000,63,63,63,63,63,63,63,63,63,63,63,63,63,63,63,63,63,63,63,63,306,297,342,459,675,0,0
7360943510840450000000000000000000,144,144,144,144,144,144,144,144,144,144,144,144,144,144,144,144,144,144,144,144,144,144,144,144,144,252,234
7392963011010470000000000000000000,12,12,12,12,12,12,12,12,12,12,12,12,12,12,12,12,12,12,12,12,12,12,12,54,72,144,120
7392963011010480000000000000000000,30,30,30,30,30,30,30,30,30,30,30,30,30,30,30,30,30,30,30,30,30,30,30,30,30,72,72
7392963510820470000000000000000000,6,6,6,6,6,6,6,6,6,6,6,6,6,6,6,6,6,6,0,0,0,0,0,0,0,0,0
7392963510820470000000000000000000,6,6,6,6,6,6,6,6,6,6,6,6,6,6,6,6,6,6,6,6,0,0,0,0,0,0,0
7392963510820470000000000000000000,24,24,24,24,24,24,24,24,24,24,24,24,24,24,24,6,12,6,12,0,0,0,0,0,0,0,0
7392963510820470000000000000000000,24,24,24,24,24,24,24,24,24,24,24,24,24,24,24,24,24,24,24,72,30,72,78,72,36,0,0
7392963510820470000000000000000000,6,6,6,6,6,6,6,6,6,6,6,6,6,6,6,6,6,6,6,6,6,6,6,6,6,0,0
7392963510820470000000000000000000,6,6,6,6,6,6,6,6,6,6,6,6,6,6,6,6,6,6,6,6,6,6,6,6,6,0,0
7392963510820470000000000000000000,258,258,258,258,258,258,258,258,258,258,258,258,258,258,258,258,258,258,258,846,846,846,498,846,1716,360,438
7392963510820470000000000000000000,768,768,768,768,768,768,768,768,768,768,768,768,768,768,768,768,768,768,768,768,630,0,0,0,0,0,0
7392963511010470000000000000000000,6,6,6,6,6,6,6,6,6,6,6,6,6,6,6,6,6,6,6,6,6,6,6,6,6,0,0
7392963511010470000000000000000000,30,30,30,30,30,30,30,30,30,30,30,30,30,30,30,30,30,30,30,30,0,0,0,0,0,0,0
7392965510820470000000000000000000,114,114,114,114,114,114,114,114,114,114,114,114,114,114,114,114,114,114,114,114,114,114,30,12,6,0,0
7392965510820470000000000000000000,6,6,6,6,6,6,6,6,6,6,6,6,6,6,6,6,6,6,6,6,144,0,0,0,0,0,0
7392965511010470000000000000000000,6,6,6,6,6,6,6,6,6,6,6,6,6,6,6,6,6,6,6,6,6,6,6,6,0,0,0
7392965511010470000000000000000000,6,6,6,6,6,6,6,6,6,6,6,6,6,6,6,6,6,6,6,6,6,0,0,0,0,0,0
7392965511100470000000000000000000,342,342,342,342,342,342,342,342,342,342,342,342,342,342,342,342,342,342,342,342,342,342,210,324,540,120,72
7392965511100470000000000000000000,42,42,42,42,42,42,42,42,42,42,42,42,42,42,42,42,42,42,42,42,144,0,0,0,0,0,0
7392965511100480000000000000000000,6,6,6,6,6,6,6,6,6,6,6,6,6,6,6,6,6,6,6,6,6,6,6,6,6,138,114
7411525111860470000000000000000000,55,55,55,55,55,55,55,55,55,55,55,55,55,55,55,55,55,55,55,55,55,55,97,104,221,173,76
7411525111860470000000000000000000,21,21,21,21,21,21,21,21,21,21,21,21,76,83,366,173,173,207,138,228,138,28,62,55,48,35,0
7411526411190460000000000000000000,104,104,104,104,104,104,104,104,104,104,104,104,104,104,104,221,207,455,248,455,373,435,642,642,842,462,504
7411526411190460000000000000000000,28,28,28,28,28,28,28,28,28,28,28,28,28,28,28,21,7,48,14,48,14,7,7,7,7,0,0
7439573510800450000000000000000000,57,57,57,57,57,57,57,57,57,57,57,57,57,57,57,57,57,57,57,57,57,57,227,194,219,130,154
7439575110800450000000000000000000,65,65,65,65,65,65,65,65,65,65,65,65,65,65,65,65,65,65,65,65,65,65,381,705,462,502,527
7451373510920440000000000000000000,41,123,74,115,156,74,90,90,57,197,107,123,115,131,156,0,0,0,0,0,0,0,0,0,0,0,0
7451373510920450000000000000000000,107,189,156,98,123,303,57,148,148,197,262,197,213,164,402,41,16,0,0,0,0,0,0,0,0,0,0
7451373510940440000000000000000000,41,41,41,41,41,41,41,41,41,41,41,41,41,41,41,41,74,41,41,25,25,49,74,57,33,49,0
7451373510940440000000000000000000,16,16,16,16,16,16,16,16,16,16,16,16,16,16,16,25,25,16,16,49,8,8,8,8,8,0,0
7451373510940450000000000000000000,33,33,33,33,33,33,33,33,33,33,33,33,33,33,33,115,131,156,90,213,131,172,156,131,213,49,98
7451373510940450000000000000000000,16,16,16,16,16,16,16,16,16,16,16,16,16,16,16,8,8,8,16,41,8,8,8,8,8,0,0
7451375110940430000000000000000000,16,16,16,16,16,16,16,16,16,16,16,16,16,16,16,25,74,25,49,49,57,16,33,25,131,25,0
7451375110940450000000000000000000,8,8,8,8,8,8,8,8,8,8,8,8,8,8,8,25,25,90,57,25,41,41,49,49,90,8,0
7451375111350440000000000000000000,16,16,16,16,16,16,16,16,16,16,16,16,16,16,16,16,57,57,57,66,74,66,82,82,82,66,0
7451375111350450000000000000000000,33,33,33,33,33,33,33,33,33,33,33,33,33,33,33,8,66,57,57,49,49,123,74,82,115,41,0
7451375410920440000000000000000000,131,197,164,197,238,369,139,328,238,377,287,328,254,271,590,164,16,8,8,8,0,0,0,0,0,0,0
7451375410920450000000000000000000,164,172,164,205,189,426,189,164,180,410,336,402,385,328,664,139,41,8,8,0,0,0,0,0,0,0,0
7451375410940440000000000000000000,25,25,25,25,25,25,25,25,25,25,25,25,25,25,25,156,262,369,254,402,180,328,328,426,435,361,369
7451375410940450000000000000000000,25,25,25,25,25,25,25,25,25,25,25,25,25,25,25,180,295,271,172,451,353,435,418,410,574,312,385
7503403111150450000000000000000000,95,95,95,95,95,95,95,95,95,95,95,95,95,95,95,95,95,162,114,143,76,162,190,162,323,19,95
7503405511150450000000000000000000,10,10,10,10,10,10,10,10,10,10,10,10,10,10,10,105,86,38,105,76,67,29,67,76,76,19,0
7604120311220470000000000000000000,7,7,7,7,7,7,7,7,7,7,7,7,7,7,7,7,7,7,7,7,7,7,7,7,7,20,66
7604120311220470000000000000000000,7,7,7,7,7,7,7,7,7,7,7,7,7,7,7,7,7,7,7,7,7,7,7,7,7,7,0
7604120311410470000000000000000000,7,7,7,7,7,7,7,7,7,7,7,7,7,7,7,7,7,7,7,7,7,7,7,7,7,13,0
7604120311410470000000000000000000,7,7,7,7,7,7,7,7,7,7,7,7,7,7,7,7,7,7,7,7,7,7,7,7,7,13,0
7604120311410470000000000000000000,7,7,7,7,7,7,7,7,7,7,7,7,7,7,7,7,7,7,7,7,7,7,7,7,7,26,0
7863515110938460000000000000000000,7,7,7,7,20,39,7,33,26,59,13,72,33,13,98,52,78,46,52,189,39,0,0,0,0,0,0
7863515110938460000000000000000000,65,65,65,65,65,65,65,65,65,65,65,65,65,65,65,65,65,65,65,65,371,423,572,546,748,78,104
7863515510938460000000000000000000,7,7,7,7,7,33,20,20,20,59,33,20,20,7,26,20,7,26,20,7,104,98,39,111,98,13,0
7892900310790450000000000000000000,15,15,15,15,15,15,15,15,15,15,15,15,15,15,15,15,15,15,15,15,15,15,15,15,15,46,77
7892900310790450000000000000000000,8,8,8,8,8,8,8,8,8,8,8,8,8,8,8,8,8,8,8,8,8,8,8,8,8,15,0
7892903510730450000000000000000000,8,8,8,8,8,8,8,8,8,8,8,8,8,8,8,8,8,8,8,8,8,8,8,8,8,8,0
7892903510790450000000000000000000,8,8,8,8,8,8,8,8,8,8,8,8,8,8,8,8,8,8,8,8,8,8,8,8,8,0,0
8103983510660430000000000000000000,10,10,10,10,10,10,10,10,10,10,10,10,10,10,10,10,10,10,10,10,10,10,10,10,10,0,0
8103985110810430000000000000000000,10,10,10,10,10,10,10,10,10,10,10,10,10,10,10,48,95,86,95,86,76,76,29,95,266,48,114
8152306411210440000000000000000000,30,30,30,30,30,30,30,30,30,30,30,30,30,30,30,30,30,30,30,30,30,30,30,30,30,198,168
8152309111285440000000000000000000,10,10,10,10,10,10,10,10,10,10,10,10,10,10,10,10,10,10,10,10,10,10,10,10,10,0,0
8190615111210440000000000000000000,8,8,8,8,8,8,8,8,39,39,31,16,55,39,133,187,320,250,413,1022,374,421,530,523,991,172,94
8190615111210440000000000000000000,8,8,8,8,8,8,8,8,8,8,8,8,8,8,0,0,0,0,0,0,0,0,0,0,0,0,0
8190615511210450000000000000000000,8,8,8,8,8,8,8,8,8,8,8,8,8,8,8,16,16,16,39,47,23,8,23,39,23,0,0
8422465411300480000000000000000000,19,19,19,19,19,19,19,19,19,19,19,19,19,19,19,19,19,19,19,19,19,19,19,19,19,205,121
8518577111790480000000000000000000,20,20,20,20,20,20,20,20,20,20,20,20,20,20,20,20,20,20,20,20,49,147,147,167,196,196,157
8518577111930490000000000000000000,29,29,29,29,29,29,29,29,29,29,29,29,29,29,29,29,29,29,29,29,127,78,59,108,108,49,0
8518579111930480000000000000000000,10,10,10,10,10,10,10,10,10,10,10,10,10,10,10,10,10,10,10,10,10,10,10,10,10,10,0
8540790311000470000000000000000000,178,178,178,178,178,178,178,178,178,178,178,178,178,178,178,178,178,178,178,178,154,162,138,284,211,332,162
8540793511000470000000000000000000,41,41,41,41,41,41,41,41,41,41,41,41,41,41,41,41,41,41,41,41,8,8,16,8,41,24,0
8545482110880430000000000000000000,19,19,19,19,19,19,19,19,19,19,19,19,19,19,19,19,19,19,19,19,19,19,19,19,19,96,122
8545483510880430000000000000000000,13,13,13,13,13,13,13,13,13,13,13,13,13,13,13,13,13,13,13,13,13,13,13,13,13,6,0
8545485110920430000000000000000000,13,13,13,13,13,13,13,13,13,13,13,13,13,13,13,13,13,13,13,13,13,13,13,13,13,6,0
8614595511240460000000000000000000,7,7,7,7,7,7,7,7,7,7,7,7,7,7,7,7,7,7,7,7,7,7,7,7,7,0,0
8614596410920470000000000000000000,7,7,7,7,7,7,7,7,7,7,7,7,7,7,7,7,7,7,7,7,7,7,7,7,7,7,0
8614596411240470000000000000000000,155,155,155,155,155,155,155,155,155,155,155,155,155,155,155,155,155,155,155,155,155,155,155,155,155,222,252
8716425111330450000000000000000000,31,31,31,31,31,31,31,31,31,31,31,31,31,31,31,105,118,242,136,167,143,19,0,0,0,0,0
8716425111330450000000000000000000,25,25,25,25,25,25,25,25,25,25,25,25,25,25,25,25,25,25,50,43,12,25,6,0,0,0,0
8716425111350450000000000000000000,25,25,25,25,25,25,25,25,25,25,25,25,25,25,25,25,25,25,25,25,25,25,62,81,229,155,155
8716425111350450000000000000000000,6,6,6,6,6,6,6,6,6,6,6,6,6,6,6,6,6,6,6,6,6,6,6,43,37,6,0
8716425111780450000000000000000000,12,12,12,12,12,87,99,68,37,68,74,93,50,56,112,74,81,31,56,19,12,6,6,6,6,0,0
8716425111820450000000000000000000,6,6,6,6,6,6,6,6,6,6,6,6,6,6,6,6,6,6,6,6,6,6,25,31,43,12,0
8721806411720480000000000000000000,13,13,13,13,13,13,13,13,13,13,13,13,13,13,13,13,13,13,13,13,13,13,13,13,13,0,0
8721806411720480000000000000000000,54,54,54,54,54,54,54,54,54,54,54,54,54,54,54,54,54,54,54,54,54,54,54,54,54,161,127
8836916411100490000000000000000000,5,5,5,5,5,5,5,5,5,5,5,5,5,5,5,5,5,5,5,5,5,5,11,5,11,0,0
8836916411180490000000000000000000,424,424,424,424,424,424,424,424,424,424,424,424,424,424,424,424,424,424,424,424,196,0,0,0,0,0,0
8836916411180490000000000000000000,74,74,74,74,74,74,74,74,74,74,74,212,186,180,382,244,260,244,249,48,48,48,64,11,5,0,0
8836916411320490000000000000000000,27,27,27,27,27,27,27,27,27,27,27,27,27,27,27,27,27,27,27,27,27,48,244,302,398,244,254
8836916411620490000000000000000000,21,21,21,21,21,21,21,21,21,21,21,21,21,21,21,21,21,21,21,21,42,37,32,11,37,32,0
8901893010820430000000000000000000,481,481,481,481,481,481,481,481,481,481,481,481,481,481,481,481,481,481,481,481,481,481,481,481,481,481,562
8901895510820430000000000000000000,11,11,11,11,11,11,11,11,11,11,11,11,11,11,11,11,11,11,11,11,11,11,11,11,11,49,0
8901895510820430000000000000000000,97,97,97,97,97,97,97,97,97,97,97,97,97,97,97,97,97,97,97,97,97,97,97,97,97,842,740
9050613510920480000000000000000000,127,127,127,127,127,127,127,127,127,127,127,127,127,127,127,127,127,127,127,127,127,127,127,127,127,127,265
9050615511150480000000000000000000,20,20,20,20,20,20,20,20,20,20,20,20,20,20,20,20,20,20,20,20,20,20,20,20,20,10,98
9057455111030430000000000000000000,18,18,18,18,18,18,18,18,18,18,148,65,30,24,6,0,0,0,0,0,0,0,0,0,0,0,0
9057455111030430000000000000000000,41,41,41,41,41,41,41,41,41,41,41,41,53,89,254,230,313,295,195,271,24,6,0,0,0,0,0
9057455111030430000000000000000000,12,12,12,12,12,12,12,12,12,12,12,12,12,12,12,12,12,12,12,12,71,153,201,142,201,0,0
9057455111030430000000000000000000,6,6,6,6,6,6,6,6,6,6,6,6,6,6,6,0,0,0,0,0,0,0,0,0,0,0,0
9057455111030430000000000000000000,6,6,6,6,6,6,6,6,6,6,6,6,6,6,6,6,6,6,6,6,0,0,0,0,0,0,0
9057455111030430000000000000000000,24,24,24,24,24,24,24,24,24,24,24,24,24,24,24,24,24,24,24,24,0,0,0,0,0,0,0
9057455111050430000000000000000000,136,136,136,136,136,136,136,136,136,136,136,136,136,136,136,136,136,136,136,136,136,136,136,136,136,159,183
9057455511030430000000000000000000,24,24,24,24,24,24,24,24,24,24,35,12,18,18,18,0,0,0,0,0,0,0,0,0,0,0,0
9057455511030430000000000000000000,6,6,6,6,6,6,6,6,6,6,6,6,12,12,30,18,18,18,18,30,6,6,0,0,0,0,0
9057455511030430000000000000000000,24,24,24,24,24,24,24,24,24,24,24,24,24,24,24,24,24,24,24,24,24,24,6,30,18,0,0
9057455511050430000000000000000000,6,6,6,6,6,6,6,6,6,6,6,6,6,6,6,6,6,6,6,6,6,6,6,6,6,6,0
9143483510630400000000000000000000,9,9,9,9,9,9,9,9,9,9,0,0,0,0,0,0,0,0,0,0,0,0,0,0,0,0,0
9143483510660400000000000000000000,19,19,19,19,19,19,19,19,19,19,47,37,47,102,158,84,84,65,74,149,93,93,47,93,205,102,102
9143485110660400000000000000000000,9,9,9,9,9,9,9,9,9,9,74,112,93,102,205,112,102,112,121,93,298,307,214,428,195,353,251
9143485110660400000000000000000000,9,9,9,9,9,9,9,9,9,9,9,9,9,9,9,9,9,9,9,9,9,9,9,9,9,0,0
9143485110770400000000000000000000,9,9,9,9,9,9,9,9,9,9,0,0,0,0,0,0,0,0,0,0,0,0,0,0,0,0,0
9143485110770400000000000000000000,19,19,19,19,19,19,19,19,19,19,0,0,0,0,0,0,0,0,0,0,0,0,0,0,0,0,0
9143485110810400000000000000000000,9,9,9,9,9,9,9,9,9,9,242,195,242,456,512,251,484,381,316,437,353,335,381,484,205,186,130
9143485110810400000000000000000000,37,37,37,37,37,37,37,37,37,37,56,56,47,19,102,47,28,28,9,9,19,19,19,9,9,9,0
9143486411100400000000000000000000,9,9,9,9,9,9,9,9,9,9,9,9,9,9,9,9,9,9,9,9,19,19,19,19,9,0,0
9238415111080490000000000000000000,26,26,26,26,26,26,26,26,26,26,26,26,26,26,26,26,26,26,53,229,211,167,158,26,26,0,0
9238415111200480000000000000000000,202,202,202,202,202,202,202,202,202,202,202,202,202,202,202,202,202,202,202,202,202,202,211,361,607,713,642
9241543510850460000000000000000000,36,36,36,36,36,36,36,36,36,36,36,36,36,36,36,273,291,346,319,528,200,319,346,255,473,164,291
9241545110850460000000000000000000,419,419,419,419,419,419,419,419,419,419,419,419,419,419,419,710,901,810,801,1365,792,883,956,1019,2029,846,901
9489363510830450000000000000000000,54,54,54,54,54,54,54,54,54,54,54,54,54,54,54,54,54,54,54,54,54,54,54,61,238,41,75
9502645411620450000000000000000000,19,19,19,19,19,19,19,19,19,19,19,19,19,19,19,19,19,19,19,19,19,19,28,103,94,0,0
9502645411620450000000000000000000,9,9,9,9,9,9,9,9,9,9,9,9,9,9,9,9,9,9,9,9,9,19,28,56,56,9,0
9502645511240460000000000000000000,28,28,28,28,28,28,28,28,28,28,28,28,28,28,28,28,28,28,28,28,28,28,94,47,169,188,141
9502646411240460000000000000000000,19,19,19,19,19,19,19,19,19,19,19,19,19,19,19,19,19,19,19,19,150,385,743,573,949,677,1090
9538425111210450000000000000000000,44,44,44,44,44,44,44,44,44,44,44,44,44,44,44,44,44,44,44,44,148,426,383,479,861,35,0
9538425111210450000000000000000000,9,9,9,9,9,9,9,9,9,9,9,9,9,9,9,9,9,9,9,9,9,9,9,17,17,0,0
9538426411300450000000000000000000,9,9,9,9,9,9,9,9,9,9,9,9,9,9,9,9,9,9,9,9,505,1114,722,905,1905,722,1061
9538426411300450000000000000000000,9,9,9,9,9,9,9,9,9,9,9,9,9,9,9,9,9,9,9,9,26,26,9,17,0,0,0
9613620310860440000000000000000000,5,5,5,5,5,5,5,5,5,5,5,5,5,5,5,5,5,5,5,5,5,5,5,5,5,0,0
9613620311100440000000000000000000,16,16,16,16,16,16,16,16,16,16,16,16,16,16,16,16,16,16,16,21,31,52,36,57,73,47,0
9613620311100440000000000000000000,10,10,10,10,10,10,10,10,10,10,10,10,10,10,10,10,10,10,16,31,10,36,10,52,47,57,73
9619623510660440000000000000000000,5,5,5,5,5,5,5,5,5,5,5,5,5,5,5,5,5,5,5,5,5,5,5,5,5,16,0
9619623510810450000000000000000000,11,11,11,11,11,11,11,11,11,11,11,11,5,5,48,42,16,16,42,53,95,106,111,90,101,5,0
9619623510810450000000000000000000,11,11,11,11,11,11,11,11,11,11,11,11,11,11,11,11,11,11,11,11,11,11,11,11,11,16,0
9619625110810450000000000000000000,5,5,5,5,5,5,5,5,5,5,5,5,5,5,5,5,5,5,5,5,5,5,5,5,27,85,80
9638455110916430000000000000000000,14,14,14,14,14,14,14,14,14,14,14,14,14,14,48,14,28,21,28,83,359,421,483,414,890,228,207
9638455510916430000000000000000000,7,7,7,7,7,7,7,7,7,7,7,7,7,7,7,14,14,14,14,14,7,14,7,7,28,14,0
9731060311420480000000000000000000,88,88,88,88,88,88,88,88,88,88,88,88,88,88,88,88,88,88,88,88,88,88,88,88,88,186,108
9731069112000480000000000000000000,20,20,20,20,20,20,20,20,20,20,20,20,20,20,20,20,20,20,20,20,20,20,20,20,20,0,0
9731069112000480000000000000000000,10,10,10,10,10,10,10,10,10,10,10,10,10,10,10,10,10,10,10,10,10,10,10,10,29,29,0
9731069112000480000000000000000000,39,39,39,39,39,39,39,39,39,39,39,39,39,39,39,39,39,39,39,39,39,39,39,39,39,20,0
9780890310800440000000000000000000,9,9,9,9,9,9,9,9,9,9,9,9,9,9,9,9,37,9,74,56,47,37,65,74,167,47,0
9780890310800470000000000000000000,9,9,9,9,9,9,9,9,9,9,9,19,19,47,121,167,140,167,279,149,195,205,112,121,372,121,279
9780893510800450000000000000000000,65,65,65,65,65,65,65,65,65,65,65,65,28,19,9,56,74,74,84,93,65,37,19,93,112,19,0
9780893510800470000000000000000000,84,84,84,84,84,84,84,84,84,84,84,214,205,270,549,484,502,372,809,344,214,195,298,112,391,214,121
